DataCompleta;Cota
2014-12-01;998.0
2014-12-02;1003.0
2014-12-03;1008.0
2014-12-04;1013.0
2014-12-05;1016.0
2014-12-06;1021.0
2014-12-07;1025.0
2014-12-08;1028.0
2014-12-09;1030.0
2014-12-10;1032.0
2014-12-11;1041.0
2014-12-12;1045.0
2014-12-13;1046.0
2014-12-14;1049.0
2014-12-15;1050.0
2014-12-16;1051.0
2014-12-17;1051.0
2014-12-18;1052.0
2014-12-19;1053.0
2014-12-20;1056.0
2014-12-21;1058.0
2014-12-22;1058.0
2014-12-23;1059.0
2014-12-24;1060.0
2014-12-25;1063.0
2014-12-26;1066.0
2014-12-27;1068.0
2014-12-28;1069.0
2014-12-29;1071.0
2014-12-30;1074.0
2014-12-31;1076.0
2015-01-01;1077.0
2015-01-02;1079.0
2015-01-03;1081.0
2015-01-04;1083.0
2015-01-05;1087.0
2015-01-06;1092.0
2015-01-07;1096.0
2015-01-08;1099.0
2015-01-09;1104.0
2015-01-10;1110.0
2015-01-11;1118.0
2015-01-12;1124.0
2015-01-13;1128.0
2015-01-14;1136.0
2015-01-15;1142.0
2015-01-16;1146.0
2015-01-17;1151.0
2015-01-18;1157.0
2015-01-19;1163.0
2015-01-20;1167.0
2015-01-21;1176.0
2015-01-22;1183.0
2015-01-23;1192.0
2015-01-24;1204.0
2015-01-25;1213.0
2015-01-26;1220.0
2015-01-27;1228.0
2015-01-28;1234.0
2015-01-29;1241.0
2015-01-30;1250.0
2015-01-31;1257.0
2015-02-01;1266.0
2015-02-02;1277.0
2015-02-03;1283.0
2015-02-04;1292.0
2015-02-05;1298.0
2015-02-06;1305.0
2015-02-07;1311.0
2015-02-08;1317.0
2015-02-09;1323.0
2015-02-10;1328.0
2015-02-11;1334.0
2015-02-12;1340.0
2015-02-13;1345.0
2015-02-14;1350.0
2015-02-15;1354.0
2015-02-16;1358.0
2015-02-17;1363.0
2015-02-18;1368.0
2015-02-19;1371.0
2015-02-20;1373.0
2015-02-21;1377.0
2015-02-22;1381.0
2015-02-23;1387.0
2015-02-24;1390.0
2015-02-25;1395.0
2015-02-26;1398.0
2015-02-27;1401.0
2015-02-28;1405.0
2015-03-01;1411.0
2015-03-02;1415.0
2015-03-03;1419.0
2015-03-04;1423.0
2015-03-05;1428.0
2015-03-06;1433.0
2015-03-07;1437.0
2015-03-08;1441.0
2015-03-09;1445.0
2015-03-10;1451.0
2015-03-11;1455.0
2015-03-12;1460.0
2015-03-13;1465.0
2015-03-14;1469.0
2015-03-15;1475.0
2015-03-16;1481.0
2015-03-17;1488.0
2015-03-18;1495.0
2015-03-19;1501.0
2015-03-20;1509.0
2015-03-21;1517.0
2015-03-22;1525.0
2015-03-23;1532.0
2015-03-24;1542.0
2015-03-25;1549.0
2015-03-26;1556.0
2015-03-27;1562.0
2015-03-28;1568.0
2015-03-29;1576.0
2015-03-30;1584.0
2015-03-31;1592.0
2015-04-01;1600.0
2015-04-02;1605.0
2015-04-03;1611.0
2015-04-04;1616.0
2015-04-05;1622.0
2015-04-06;1627.0
2015-04-07;1631.0
2015-04-08;1636.0
2015-04-09;1641.0
2015-04-10;1644.0
2015-04-11;1649.0
2015-04-12;1653.0
2015-04-13;1658.0
2015-04-14;1663.0
2015-04-15;1664.0
2015-04-16;1666.0
2015-04-17;1673.0
2015-04-18;1676.0
2015-04-19;1679.0
2015-04-20;1681.0
2015-04-21;1683.0
2015-04-22;1685.0
2015-04-23;1687.0
2015-04-24;1690.0
2015-04-25;1693.0
2015-04-26;1698.0
2015-04-27;1704.0
2015-04-28;1710.0
2015-04-29;1717.0
2015-04-30;1723.0
2015-05-01;1730.0
2015-05-02;1738.0
2015-05-03;1744.0
2015-05-04;1749.0
2015-05-05;1754.0
2015-05-06;1763.0
2015-05-07;1769.0
2015-05-08;1773.0
2015-05-09;1779.0
2015-05-10;1783.0
2015-05-11;1788.0
2015-05-12;1793.0
2015-05-13;1796.0
2015-05-14;1799.0
2015-05-15;1802.0
2015-05-16;1802.0
2015-05-17;1805.0
2015-05-18;1809.0
2015-05-19;1814.0
2015-05-20;1819.0
2015-05-21;1823.0
2015-05-22;1825.0
2015-05-23;1829.0
2015-05-24;1833.0
2015-05-25;1835.0
2015-05-26;1838.0
2015-05-27;1841.0
2015-05-28;1846.0
2015-05-29;1848.0
2015-05-30;1850.0
2015-05-31;1852.0
2015-06-01;1855.0
2015-06-02;1857.0
2015-06-03;1860.0
2015-06-04;1861.0
2015-06-05;1863.0
2015-06-06;1864.0
2015-06-07;1867.0
2015-06-08;1869.0
2015-06-09;1872.0
2015-06-10;1873.0
2015-06-11;1875.0
2015-06-12;1875.0
2015-06-13;1876.0
2015-06-14;1878.0
2015-06-15;1879.0
2015-06-16;1879.0
2015-06-17;1879.0
2015-06-18;1880.0
2015-06-19;1881.0
2015-06-20;1881.0
2015-06-21;1882.0
2015-06-22;1884.0
2015-06-23;1885.0
2015-06-24;1885.0
2015-06-25;1885.0
2015-06-26;1885.0
2015-06-27;1885.0
2015-06-28;1885.0
2015-06-29;1885.0
2015-06-30;1884.0
2015-07-01;1884.0
2015-07-02;1882.0
2015-07-03;1881.0
2015-07-04;1880.0
2015-07-05;1879.0
2015-07-06;1878.0
2015-07-07;1877.0
2015-07-08;1876.0
2015-07-09;1874.0
2015-07-10;1873.0
2015-07-11;1871.0
2015-07-12;1869.0
2015-07-13;1866.0
2015-07-14;1865.0
2015-07-15;1862.0
2015-07-16;1860.0
2015-07-17;1857.0
2015-07-18;1855.0
2015-07-19;1851.0
2015-07-20;1848.0
2015-07-21;1846.0
2015-07-22;1844.0
2015-07-23;1843.0
2015-07-24;1840.0
2015-07-25;1838.0
2015-07-26;1836.0
2015-07-27;1833.0
2015-07-28;1831.0
2015-07-29;1826.0
2015-07-30;1824.0
2015-07-31;1822.0
2015-08-01;1819.0
2015-08-02;1816.0
2015-08-03;1813.0
2015-08-04;1810.0
2015-08-05;1807.0
2015-08-06;1803.0
2015-08-07;1799.0
2015-08-08;1792.0
2015-08-09;1792.0
2015-08-10;1788.0
2015-08-11;1783.0
2015-08-12;1779.0
2015-08-13;1772.0
2015-08-14;1768.0
2015-08-15;1765.0
2015-08-16;1760.0
2015-08-17;1749.0
2015-08-18;1744.0
2015-08-19;1736.0
2015-08-20;1733.0
2015-08-21;1722.0
2015-08-22;1715.0
2015-08-23;1709.0
2015-08-24;1704.0
2015-08-25;1692.0
2015-08-26;1690.0
2015-08-27;1678.0
2015-08-28;1671.0
2015-08-29;1669.0
2015-08-30;1657.0
2015-08-31;1649.0
2015-09-01;1643.0
2015-09-02;1635.0
2015-09-03;1627.0
2015-09-04;1619.0
2015-09-05;1611.0
2015-09-06;1604.0
2015-09-07;1596.0
2015-09-08;1587.0
2015-09-09;1578.0
2015-09-10;1568.0
2015-09-11;1557.0
2015-09-12;1547.0
2015-09-13;1538.0
2015-09-14;1526.0
2015-09-15;1513.0
2015-09-16;1501.0
2015-09-17;1490.0
2015-09-18;1478.0
2015-09-19;1465.0
2015-09-20;1451.0
2015-09-21;1436.0
2015-09-22;1423.0
2015-09-23;1407.0
2015-09-24;1392.0
2015-09-25;1377.0
2015-09-26;1356.0
2015-09-27;1337.0
2015-09-28;1315.0
2015-09-29;1287.0
2015-09-30;1264.0
2015-10-01;1239.0
2015-10-02;1214.0
2015-10-03;1194.0
2015-10-04;1161.0
2015-10-05;1132.0
2015-10-06;1096.0
2015-10-07;1062.0
2015-10-08;1026.0
2015-10-09;990.0
2015-10-10;954.0
2015-10-11;925.0
2015-10-12;885.0
2015-10-13;842.0
2015-10-14;805.0
2015-10-15;771.0
2015-10-16;740.0
2015-10-17;708.0
2015-10-18;672.0
2015-10-19;645.0
2015-10-20;621.0
2015-10-21;597.0
2015-10-22;578.0
2015-10-23;559.0
2015-10-24;548.0
2015-10-25;532.0
2015-10-26;525.0
2015-10-27;519.0
2015-10-28;519.0
2015-10-29;517.0
2015-10-30;526.0
2015-10-31;526.0
2015-11-01;539.0
2015-11-02;545.0
2015-11-03;551.0
2015-11-04;556.0
2015-11-05;564.0
2015-11-06;573.0
2015-11-07;578.0
2015-11-08;582.0
2015-11-09;583.0
2015-11-10;583.0
2015-11-11;583.0
2015-11-12;582.0
2015-11-13;581.0
2015-11-14;580.0
2015-11-15;580.0
2015-11-16;579.0
2015-11-17;577.0
2015-11-18;576.0
2015-11-19;576.0
2015-11-20;577.0
2015-11-21;578.0
2015-11-22;578.0
2015-11-23;578.0
2015-11-24;580.0
2015-11-25;582.0
2015-11-26;585.0
2015-11-27;588.0
2015-11-28;594.0
2015-11-29;604.0
2015-11-30;651.0
2015-12-01;611.0
2015-12-02;616.0
2015-12-03;621.0
2015-12-04;625.0
2015-12-05;630.0
2015-12-06;635.0
2015-12-07;640.0
2015-12-08;641.0
2015-12-09;642.0
2015-12-10;643.0
2015-12-11;645.0
2015-12-12;645.0
2015-12-13;645.0
2015-12-14;645.0
2015-12-15;644.0
2015-12-16;645.0
2015-12-17;644.0
2015-12-18;644.0
2015-12-19;643.0
2015-12-20;642.0
2015-12-21;645.0
2015-12-22;645.0
2015-12-23;646.0
2015-12-24;647.0
2015-12-25;648.0
2015-12-26;651.0
2015-12-27;653.0
2015-12-28;655.0
2015-12-29;658.0
2015-12-30;664.0
2015-12-31;667.0
2016-01-01;675.0
2016-01-02;682.0
2016-01-03;689.0
2016-01-04;699.0
2016-01-05;708.0
2016-01-06;718.0
2016-01-07;729.0
2016-01-08;739.0
2016-01-09;754.0
2016-01-10;764.0
2016-01-11;776.0
2016-01-12;787.0
2016-01-13;798.0
2016-01-14;811.0
2016-01-15;821.0
2016-01-16;832.0
2016-01-17;841.0
2016-01-18;849.0
2016-01-19;856.0
2016-01-20;865.0
2016-01-21;873.0
2016-01-22;882.0
2016-01-23;887.0
2016-01-24;892.0
2016-01-25;896.0
2016-01-26;901.0
2016-01-27;904.0
2016-01-28;906.0
2016-01-29;908.0
2016-01-30;909.0
2016-01-31;909.0
2016-02-01;908.0
2016-02-02;907.0
2016-02-03;906.0
2016-02-04;903.0
2016-02-05;901.0
2016-02-06;898.0
2016-02-07;894.0
2016-02-08;891.0
2016-02-09;887.0
2016-02-10;883.0
2016-02-11;881.0
2016-02-12;878.0
2016-02-13;876.0
2016-02-14;873.0
2016-02-15;871.0
2016-02-16;868.0
2016-02-17;866.0
2016-02-18;863.0
2016-02-19;863.0
2016-02-20;861.0
2016-02-21;860.0
2016-02-22;860.0
2016-02-23;862.0
2016-02-24;865.0
2016-02-25;869.0
2016-02-26;875.0
2016-02-27;885.0
2016-02-28;890.0
2016-02-29;896.0
2016-03-01;906.0
2016-03-02;918.0
2016-03-03;927.0
2016-03-04;939.0
2016-03-05;949.0
2016-03-06;960.0
2016-03-07;974.0
2016-03-08;989.0
2016-03-09;1002.0
2016-03-10;1018.0
2016-03-11;1032.0
2016-03-12;1048.0
2016-03-13;1060.0
2016-03-14;1075.0
2016-03-15;1086.0
2016-03-16;1098.0
2016-03-17;1108.0
2016-03-18;1118.0
2016-03-19;1128.0
2016-03-20;1139.0
2016-03-21;1148.0
2016-03-22;1158.0
2016-03-23;1166.0
2016-03-24;1176.0
2016-03-25;1185.0
2016-03-26;1194.0
2016-03-27;1201.0
2016-03-28;1211.0
2016-03-29;1224.0
2016-03-30;1230.0
2016-03-31;1238.0
2016-04-01;1250.0
2016-04-02;1259.0
2016-04-03;1268.0
2016-04-04;1276.0
2016-04-05;1285.0
2016-04-06;1291.0
2016-04-07;1298.0
2016-04-08;1305.0
2016-04-09;1311.0
2016-04-10;1319.0
2016-04-11;1326.0
2016-04-12;1335.0
2016-04-13;1345.0
2016-04-14;1353.0
2016-04-15;1360.0
2016-04-16;1366.0
2016-04-17;1372.0
2016-04-18;1381.0
2016-04-19;1387.0
2016-04-20;1394.0
2016-04-21;1401.0
2016-04-22;1408.0
2016-04-23;1414.0
2016-04-24;1420.0
2016-04-25;1426.0
2016-04-26;1434.0
2016-04-27;1440.0
2016-04-28;1447.0
2016-04-29;1455.0
2016-04-30;1462.0
2016-05-01;1468.0
2016-05-02;1475.0
2016-05-03;1483.0
2016-05-04;1490.0
2016-05-05;1497.0
2016-05-06;1506.0
2016-05-07;1512.0
2016-05-08;1519.0
2016-05-09;1526.0
2016-05-10;1534.0
2016-05-11;1542.0
2016-05-12;1551.0
2016-05-13;1557.0
2016-05-14;1563.0
2016-05-15;1568.0
2016-05-16;1572.0
2016-05-17;1577.0
2016-05-18;1580.0
2016-05-19;1585.0
2016-05-20;1589.0
2016-05-21;1592.0
2016-05-22;1597.0
2016-05-23;1599.0
2016-05-24;1603.0
2016-05-25;1606.0
2016-05-26;1610.0
2016-05-27;1613.0
2016-05-28;1616.0
2016-05-29;1617.0
2016-05-30;1620.0
2016-05-31;1623.0
2016-06-01;1625.0
2016-06-02;1627.0
2016-06-03;1629.0
2016-06-04;1631.0
2016-06-05;1633.0
2016-06-06;1635.0
2016-06-07;1636.0
2016-06-08;1637.0
2016-06-09;1639.0
2016-06-10;1639.0
2016-06-11;1640.0
2016-06-12;1643.0
2016-06-13;1645.0
2016-06-14;1646.0
2016-06-15;1647.0
2016-06-16;1648.0
2016-06-17;1648.0
2016-06-18;1648.0
2016-06-19;1648.0
2016-06-20;1649.0
2016-06-21;1650.0
2016-06-22;1650.0
2016-06-23;1651.0
2016-06-24;1653.0
2016-06-25;1655.0
2016-06-26;1656.0
2016-06-27;1656.0
2016-06-28;1656.0
2016-06-29;1656.0
2016-06-30;1656.0
2016-07-01;1655.0
2016-07-02;1655.0
2016-07-03;1654.0
2016-07-04;1654.0
2016-07-05;1654.0
2016-07-06;1654.0
2016-07-07;1653.0
2016-07-08;1652.0
2016-07-09;1651.0
2016-07-10;1650.0
2016-07-11;1649.0
2016-07-12;1648.0
2016-07-13;1647.0
2016-07-14;1646.0
2016-07-15;1643.0
2016-07-16;1641.0
2016-07-17;1639.0
2016-07-18;1637.0
2016-07-19;1635.0
2016-07-20;1634.0
2016-07-21;1632.0
2016-07-22;1631.0
2016-07-23;1630.0
2016-07-24;1629.0
2016-07-25;1627.0
2016-07-26;1625.0
2016-07-27;1622.0
2016-07-28;1620.0
2016-07-29;1617.0
2016-07-30;1614.0
2016-07-31;1611.0
2016-08-01;1608.0
2016-08-02;1604.0
2016-08-03;1599.0
2016-08-04;1597.0
2016-08-05;1593.0
2016-08-06;1589.0
2016-08-07;1586.0
2016-08-08;1581.0
2016-08-09;1577.0
2016-08-10;1573.0
2016-08-11;1566.0
2016-08-12;1561.0
2016-08-13;1554.0
2016-08-14;1552.0
2016-08-15;1546.0
2016-08-16;1539.0
2016-08-17;1533.0
2016-08-18;1526.0
2016-08-19;1518.0
2016-08-20;1510.0
2016-08-21;1502.0
2016-08-22;1494.0
2016-08-23;1484.0
2016-08-24;1474.0
2016-08-25;1464.0
2016-08-26;1455.0
2016-08-27;1446.0
2016-08-28;1433.0
2016-08-29;1423.0
2016-08-30;1412.0
2016-08-31;1398.0
2016-09-01;1385.0
2016-09-02;1373.0
2016-09-03;1359.0
2016-09-04;1344.0
2016-09-05;1331.0
2016-09-06;1317.0
2016-09-07;1304.0
2016-09-08;1289.0
2016-09-09;1273.0
2016-09-10;1257.0
2016-09-11;1239.0
2016-09-12;1222.0
2016-09-13;1205.0
2016-09-14;1186.0
2016-09-15;1169.0
2016-09-16;1147.0
2016-09-17;1130.0
2016-09-18;1111.0
2016-09-19;1090.0
2016-09-20;1071.0
2016-09-21;1052.0
2016-09-22;1034.0
2016-09-23;1015.0
2016-09-24;996.0
2016-09-25;980.0
2016-09-26;963.0
2016-09-27;947.0
2016-09-28;931.0
2016-09-29;918.0
2016-09-30;905.0
2016-10-01;892.0
2016-10-02;880.0
2016-10-03;867.0
2016-10-04;858.0
2016-10-05;848.0
2016-10-06;839.0
2016-10-07;829.0
2016-10-08;820.0
2016-10-09;814.0
2016-10-10;808.0
2016-10-11;800.0
2016-10-12;795.0
2016-10-13;790.0
2016-10-14;786.0
2016-10-15;781.0
2016-10-16;776.0
2016-10-17;773.0
2016-10-18;771.0
2016-10-19;768.0
2016-10-20;765.0
2016-10-21;764.0
2016-10-22;764.0
2016-10-23;764.0
2016-10-24;765.0
2016-10-25;765.0
2016-10-26;766.0
2016-10-27;766.0
2016-10-28;770.0
2016-10-29;770.0
2016-10-30;771.0
2016-10-31;774.0
2016-11-01;774.0
2016-11-02;774.0
2016-11-03;774.0
2016-11-04;774.0
2016-11-05;772.0
2016-11-06;770.0
2016-11-07;770.0
2016-11-08;768.0
2016-11-09;768.0
2016-11-10;765.0
2016-11-11;763.0
2016-11-12;759.0
2016-11-13;755.0
2016-11-14;750.0
2016-11-15;747.0
2016-11-16;744.0
2016-11-17;742.0
2016-11-18;738.0
2016-11-19;735.0
2016-11-20;732.0
2016-11-21;732.0
2016-11-22;731.0
2016-11-23;728.0
2016-11-24;727.0
2016-11-25;727.0
2016-11-26;725.0
2016-11-27;721.0
2016-11-28;724.0
2016-11-29;716.0
2016-11-30;714.0
2016-12-01;709.0
2016-12-02;705.0
2016-12-03;701.0
2016-12-04;696.0
2016-12-05;693.0
2016-12-06;689.0
2016-12-07;685.0
2016-12-08;681.0
2016-12-09;678.0
2016-12-10;676.0
2016-12-11;675.0
2016-12-12;676.0
2016-12-13;670.0
2016-12-14;668.0
2016-12-15;669.0
2016-12-16;669.0
2016-12-17;679.0
2016-12-18;687.0
2016-12-19;693.0
2016-12-20;708.0
2016-12-21;721.0
2016-12-22;737.0
2016-12-23;750.0
2016-12-24;766.0
2016-12-25;787.0
2016-12-26;793.0
2016-12-27;814.0
2016-12-28;832.0
2016-12-29;854.0
2016-12-30;868.0
2016-12-31;895.0
2017-01-01;915.0
2017-01-02;935.0
2017-01-03;952.0
2017-01-04;973.0
2017-01-05;990.0
2017-01-06;1022.0
2017-01-07;1036.0
2017-01-08;1044.0
2017-01-09;1051.0
2017-01-10;1066.0
2017-01-11;1083.0
2017-01-12;1097.0
2017-01-13;1108.0
2017-01-14;1128.0
2017-01-15;1140.0
2017-01-16;1154.0
2017-01-17;1169.0
2017-01-18;1184.0
2017-01-19;1197.0
2017-01-20;1211.0
2017-01-21;1222.0
2017-01-22;1234.0
2017-01-23;1252.0
2017-01-24;1263.0
2017-01-25;1273.0
2017-01-26;1283.0
2017-01-27;1296.0
2017-01-28;1306.0
2017-01-29;1315.0
2017-01-30;1325.0
2017-01-31;1335.0
2017-02-01;1344.0
2017-02-02;1353.0
2017-02-03;1360.0
2017-02-04;1368.0
2017-02-05;1377.0
2017-02-06;1383.0
2017-02-07;1389.0
2017-02-08;1396.0
2017-02-09;1406.0
2017-02-10;1409.0
2017-02-11;1413.0
2017-02-12;1416.0
2017-02-13;1420.0
2017-02-14;1423.0
2017-02-15;1429.0
2017-02-16;1433.0
2017-02-17;1437.0
2017-02-18;1441.0
2017-02-19;1445.0
2017-02-20;1449.0
2017-02-21;1456.0
2017-02-22;1460.0
2017-02-23;1464.0
2017-02-24;1469.0
2017-02-25;1476.0
2017-02-26;1481.0
2017-02-27;1484.0
2017-02-28;1488.0
2017-03-01;1491.0
2017-03-02;1495.0
2017-03-03;1497.0
2017-03-04;1500.0
2017-03-05;1503.0
2017-03-06;1511.0
2017-03-07;1517.0
2017-03-08;1522.0
2017-03-09;1527.0
2017-03-10;1532.0
2017-03-11;1535.0
2017-03-12;1541.0
2017-03-13;1547.0
2017-03-14;1553.0
2017-03-15;1558.0
2017-03-16;1563.0
2017-03-17;1568.0
2017-03-18;1573.0
2017-03-19;1583.0
2017-03-20;1591.0
2017-03-21;1597.0
2017-03-22;1603.0
2017-03-23;1610.0
2017-03-24;1614.0
2017-03-25;1622.0
2017-03-26;1627.0
2017-03-27;1631.0
2017-03-28;1636.0
2017-03-29;1645.0
2017-03-30;1651.0
2017-03-31;1656.0
2017-04-01;1662.0
2017-04-02;1668.0
2017-04-03;1673.0
2017-04-04;1678.0
2017-04-05;1683.0
2017-04-06;1686.0
2017-04-07;1687.0
2017-04-08;1693.0
2017-04-09;1697.0
2017-04-10;1699.0
2017-04-11;1701.0
2017-04-12;1702.0
2017-04-13;1702.0
2017-04-14;1704.0
2017-04-15;1707.0
2017-04-16;1711.0
2017-04-17;1712.0
2017-04-18;1713.0
2017-04-19;1715.0
2017-04-20;1718.0
2017-04-21;1722.0
2017-04-22;1724.0
2017-04-23;1727.0
2017-04-24;1728.0
2017-04-25;1732.0
2017-04-26;1735.0
2017-04-27;1739.0
2017-04-28;1742.0
2017-04-29;1750.0
2017-04-30;1754.0
2017-05-01;1760.0
2017-05-02;1761.0
2017-05-03;1763.0
2017-05-04;1769.0
2017-05-05;1773.0
2017-05-06;1777.0
2017-05-07;1781.0
2017-05-08;1783.0
2017-05-09;1785.0
2017-05-10;1788.0
2017-05-11;1791.0
2017-05-12;1793.0
2017-05-13;1797.0
2017-05-14;1799.0
2017-05-15;1802.0
2017-05-16;1804.0
2017-05-17;1806.0
2017-05-18;1809.0
2017-05-19;1810.0
2017-05-20;1812.0
2017-05-21;1813.0
2017-05-22;1815.0
2017-05-23;1817.0
2017-05-24;1818.0
2017-05-25;1820.0
2017-05-26;1822.0
2017-05-27;1822.0
2017-05-28;1823.0
2017-05-29;1823.0
2017-05-30;1825.0
2017-05-31;1828.0
2017-06-01;1828.0
2017-06-02;1829.0
2017-06-03;1829.0
2017-06-04;1829.0
2017-06-05;1828.0
2017-06-06;1827.0
2017-06-07;1825.0
2017-06-08;1824.0
2017-06-09;1823.0
2017-06-10;1823.0
2017-06-11;1819.0
2017-06-12;1818.0
2017-06-13;1817.0
2017-06-14;1816.0
2017-06-15;1816.0
2017-06-16;1812.0
2017-06-17;1811.0
2017-06-18;1808.0
2017-06-19;1807.0
2017-06-20;1805.0
2017-06-21;1803.0
2017-06-22;1804.0
2017-06-23;1803.0
2017-06-24;1802.0
2017-06-25;1799.0
2017-06-26;1797.0
2017-06-27;1794.0
2017-06-28;1792.0
2017-06-29;1790.0
2017-06-30;1788.0
2017-07-01;1788.0
2017-07-02;1788.0
2017-07-03;1786.0
2017-07-04;1785.0
2017-07-05;1785.0
2017-07-06;1782.0
2017-07-07;1780.0
2017-07-08;1778.0
2017-07-09;1775.0
2017-07-10;1774.0
2017-07-11;1771.0
2017-07-12;1769.0
2017-07-13;1765.0
2017-07-14;1763.0
2017-07-15;1760.0
2017-07-16;1759.0
2017-07-17;1757.0
2017-07-18;1753.0
2017-07-19;1749.0
2017-07-20;1745.0
2017-07-21;1741.0
2017-07-22;1737.0
2017-07-23;1734.0
2017-07-24;1732.0
2017-07-25;1726.0
2017-07-26;1723.0
2017-07-27;1718.0
2017-07-28;1714.0
2017-07-29;1710.0
2017-07-30;1703.0
2017-07-31;1700.0
2017-08-01;1694.0
2017-08-02;1689.0
2017-08-03;1683.0
2017-08-04;1675.0
2017-08-05;1669.0
2017-08-06;1664.0
2017-08-07;1657.0
2017-08-08;1651.0
2017-08-09;1643.0
2017-08-10;1634.0
2017-08-11;1626.0
2017-08-12;1618.0
2017-08-13;1608.0
2017-08-14;1598.0
2017-08-15;1588.0
2017-08-16;1577.0
2017-08-17;1564.0
2017-08-18;1556.0
2017-08-19;1545.0
2017-08-20;1529.0
2017-08-21;1517.0
2017-08-22;1503.0
2017-08-23;1487.0
2017-08-24;1471.0
2017-08-25;1455.0
2017-08-26;1436.0
2017-08-27;1420.0
2017-08-28;1401.0
2017-08-29;1380.0
2017-08-30;1360.0
2017-08-31;1337.0
2017-09-01;1315.0
2017-09-02;1292.0
2017-09-03;1266.0
2017-09-04;1244.0
2017-09-05;1216.0
2017-09-06;1190.0
2017-09-07;1168.0
2017-09-08;1142.0
2017-09-09;1117.0
2017-09-10;1088.0
2017-09-11;1071.0
2017-09-12;1051.0
2017-09-13;1033.0
2017-09-14;1011.0
2017-09-15;993.0
2017-09-16;974.0
2017-09-17;958.0
2017-09-18;932.0
2017-09-19;917.0
2017-09-20;898.0
2017-09-21;888.0
2017-09-22;866.0
2017-09-23;850.0
2017-09-24;834.0
2017-09-25;818.0
2017-09-26;802.0
2017-09-27;782.0
2017-09-28;774.0
2017-09-29;763.0
2017-09-30;749.0
2017-10-01;744.0
2017-10-02;730.0
2017-10-03;724.0
2017-10-04;721.0
2017-10-05;713.0
2017-10-06;712.0
2017-10-07;711.0
2017-10-08;713.0
2017-10-09;713.0
2017-10-10;713.0
2017-10-11;714.0
2017-10-12;714.0
2017-10-13;716.0
2017-10-14;718.0
2017-10-15;720.0
2017-10-16;721.0
2017-10-17;723.0
2017-10-18;727.0
2017-10-19;728.0
2017-10-20;730.0
2017-10-21;734.0
2017-10-22;735.0
2017-10-23;736.0
2017-10-24;738.0
2017-10-25;738.0
2017-10-26;740.0
2017-10-27;740.0
2017-10-28;739.0
2017-10-29;738.0
2017-10-30;738.0
2017-10-31;738.0
2017-11-01;737.0
2017-11-02;738.0
2017-11-03;738.0
2017-11-04;741.0
2017-11-05;744.0
2017-11-06;749.0
2017-11-07;753.0
2017-11-08;757.0
2017-11-09;763.0
2017-11-10;768.0
2017-11-11;776.0
2017-11-12;781.0
2017-11-13;788.0
2017-11-14;794.0
2017-11-15;798.0
2017-11-16;806.0
2017-11-17;812.0
2017-11-18;815.0
2017-11-19;819.0
2017-11-20;821.0
2017-11-21;825.0
2017-11-22;828.0
2017-11-23;830.0
2017-11-24;831.0
2017-11-25;835.0
2017-11-26;840.0
2017-11-27;845.0
2017-11-28;848.0
2017-11-29;851.0
2017-11-30;852.0
2017-12-01;853.0
2017-12-02;856.0
2017-12-03;857.0
2017-12-04;858.0
2017-12-05;858.0
2017-12-06;859.0
2017-12-07;860.0
2017-12-08;861.0
2017-12-09;861.0
2017-12-10;862.0
2017-12-11;864.0
2017-12-12;865.0
2017-12-13;867.0
2017-12-14;870.0
2017-12-15;872.0
2017-12-16;875.0
2017-12-17;876.0
2017-12-18;877.0
2017-12-19;879.0
2017-12-20;885.0
2017-12-21;888.0
2017-12-22;894.0
2017-12-23;900.0
2017-12-24;907.0
2017-12-25;917.0
2017-12-26;924.0
2017-12-27;932.0
2017-12-28;943.0
2017-12-29;955.0
2017-12-30;963.0
2017-12-31;972.0
2018-01-01;982.0
2018-01-02;988.0
2018-01-03;997.0
2018-01-04;1011.0
2018-01-05;1021.0
2018-01-06;1025.0
2018-01-07;1032.0
2018-01-08;1041.0
2018-01-09;1047.0
2018-01-10;1054.0
2018-01-11;1061.0
2018-01-12;1068.0
2018-01-13;1072.0
2018-01-14;1078.0
2018-01-15;1085.0
2018-01-16;1092.0
2018-01-17;1097.0
2018-01-18;1103.0
2018-01-19;1109.0
2018-01-20;1115.0
2018-01-21;1119.0
2018-01-22;1124.0
2018-01-23;1138.0
2018-01-24;1139.0
2018-01-25;1140.0
2018-01-26;1146.0
2018-01-27;1151.0
2018-01-28;1155.0
2018-01-29;1162.0
2018-01-30;1170.0
2018-01-31;1175.0
2018-02-01;1181.0
2018-02-02;1189.0
2018-02-03;1197.0
2018-02-04;1205.0
2018-02-05;1210.0
2018-02-06;1216.0
2018-02-07;1221.0
2018-02-08;1227.0
2018-02-09;1234.0
2018-02-10;1240.0
2018-02-11;1245.0
2018-02-12;1253.0
2018-02-13;1260.0
2018-02-14;1267.0
2018-02-15;1273.0
2018-02-16;1280.0
2018-02-17;1288.0
2018-02-18;1296.0
2018-02-19;1299.0
2018-02-20;1303.0
2018-02-21;1310.0
2018-02-22;1314.0
2018-02-23;1317.0
2018-02-24;1323.0
2018-02-25;1325.0
2018-02-26;1330.0
2018-02-27;1336.0
2018-02-28;1340.0
2018-03-01;1343.0
2018-03-02;1347.0
2018-03-03;1350.0
2018-03-04;1353.0
2018-03-05;1355.0
2018-03-06;1357.0
2018-03-07;1359.0
2018-03-08;1361.0
2018-03-09;1362.0
2018-03-10;1363.0
2018-03-11;1363.0
2018-03-12;1362.0
2018-03-13;1362.0
2018-03-14;1362.0
2018-03-15;1360.0
2018-03-16;1362.0
2018-03-17;1363.0
2018-03-18;1363.0
2018-03-19;1362.0
2018-03-20;1362.0
2018-03-21;1361.0
2018-03-22;1360.0
2018-03-23;1358.0
2018-03-24;1357.0
2018-03-25;1357.0
2018-03-26;1354.0
2018-03-27;1353.0
2018-03-28;1353.0
2018-03-29;1353.0
2018-03-30;1354.0
2018-03-31;1355.0
2018-04-01;1354.0
2018-04-02;1357.0
2018-04-03;1361.0
2018-04-04;1362.0
2018-04-05;1367.0
2018-04-06;1374.0
2018-04-07;1378.0
2018-04-08;1383.0
2018-04-09;1389.0
2018-04-10;1396.0
2018-04-11;1403.0
2018-04-12;1407.0
2018-04-13;1414.0
2018-04-14;1423.0
2018-04-15;1428.0
2018-04-16;1436.0
2018-04-17;1443.0
2018-04-18;1449.0
2018-04-19;1453.0
2018-04-20;1464.0
2018-04-21;1471.0
2018-04-22;1479.0
2018-04-23;1486.0
2018-04-24;1494.0
2018-04-25;1500.0
2018-04-26;1504.0
2018-04-27;1511.0
2018-04-28;1519.0
2018-04-29;1526.0
2018-04-30;1534.0
2018-05-01;1542.0
2018-05-02;1549.0
2018-05-03;1556.0
2018-05-04;1563.0
2018-05-05;1570.0
2018-05-06;1578.0
2018-05-07;1585.0
2018-05-08;1593.0
2018-05-09;1602.0
2018-05-10;1608.0
2018-05-11;1615.0
2018-05-12;1623.0
2018-05-13;1632.0
2018-05-14;1640.0
2018-05-15;1647.0
2018-05-16;1654.0
2018-05-17;1660.0
2018-05-18;1665.0
2018-05-19;1670.0
2018-05-20;1676.0
2018-05-21;1683.0
2018-05-22;1688.0
2018-05-23;1693.0
2018-05-24;1700.0
2018-05-25;1705.0
2018-05-26;1707.0
2018-05-27;1710.0
2018-05-28;1718.0
2018-05-29;1723.0
2018-05-30;1729.0
2018-05-31;1732.0
2018-06-01;1735.0
2018-06-02;1739.0
2018-06-03;1742.0
2018-06-04;1745.0
2018-06-05;1749.0
2018-06-06;1752.0
2018-06-07;1755.0
2018-06-08;1759.0
2018-06-09;1761.0
2018-06-10;1765.0
2018-06-11;1766.0
2018-06-12;1767.0
2018-06-13;1768.0
2018-06-14;1770.0
2018-06-15;1771.0
2018-06-16;1772.0
2018-06-17;1772.0
2018-06-18;1774.0
2018-06-19;1776.0
2018-06-20;1778.0
2018-06-21;1779.0
2018-06-22;1780.0
2018-06-23;1781.0
2018-06-24;1781.0
2018-06-25;1781.0
2018-06-26;1781.0
2018-06-27;1781.0
2018-06-28;1780.0
2018-06-29;1780.0
2018-06-30;1780.0
2018-07-01;1780.0
2018-07-02;1779.0
2018-07-03;1779.0
2018-07-04;1779.0
2018-07-05;1778.0
2018-07-06;1778.0
2018-07-07;1778.0
2018-07-08;1778.0
2018-07-09;1778.0
2018-07-10;1778.0
2018-07-11;1778.0
2018-07-12;1778.0
2018-07-13;1777.0
2018-07-14;1777.0
2018-07-15;1777.0
2018-07-16;1776.0
2018-07-17;1774.0
2018-07-18;1774.0
2018-07-19;1772.0
2018-07-20;1770.0
2018-07-21;1767.0
2018-07-22;1765.0
2018-07-23;1761.0
2018-07-24;1758.0
2018-07-25;1756.0
2018-07-26;1753.0
2018-07-27;1751.0
2018-07-28;1747.0
2018-07-29;1744.0
2018-07-30;1741.0
2018-07-31;1738.0
2018-08-01;1733.0
2018-08-02;1730.0
2018-08-03;1725.0
2018-08-04;1721.0
2018-08-05;1717.0
2018-08-06;1713.0
2018-08-07;1708.0
2018-08-08;1703.0
2018-08-09;1698.0
2018-08-10;1693.0
2018-08-11;1689.0
2018-08-12;1684.0
2018-08-13;1678.0
2018-08-14;1673.0
2018-08-15;1667.0
2018-08-16;1663.0
2018-08-17;1657.0
2018-08-18;1653.0
2018-08-19;1645.0
2018-08-20;1641.0
2018-08-21;1633.0
2018-08-22;1627.0
2018-08-23;1618.0
2018-08-24;1612.0
2018-08-25;1605.0
2018-08-26;1596.0
2018-08-27;1586.0
2018-08-28;1578.0
2018-08-29;1569.0
2018-08-30;1560.0
2018-08-31;1550.0
2018-09-01;1538.0
2018-09-02;1527.0
2018-09-03;1515.0
2018-09-04;1504.0
2018-09-05;1492.0
2018-09-06;1481.0
2018-09-07;1469.0
2018-09-08;1458.0
2018-09-09;1446.0
2018-09-10;1435.0
2018-09-11;1423.0
2018-09-12;1412.0
2018-09-13;1400.0
2018-09-14;1389.0
2018-09-15;1377.0
2018-09-16;1366.0
2018-09-17;1354.0
2018-09-18;1343.0
2018-09-19;1331.0
2018-09-20;1320.0
2018-09-21;1308.0
2018-09-22;1297.0
2018-09-23;1285.0
2018-09-24;1274.0
2018-09-25;1262.0
2018-09-26;1251.0
2018-09-27;1239.0
2018-09-28;1228.0
2018-09-29;1216.0
2018-09-30;1205.0
2018-10-01;1193.0
2018-10-02;1175.0
2018-10-03;1158.0
2018-10-04;1137.0
2018-10-05;1116.0
2018-10-06;1095.0
2018-10-07;1068.0
2018-10-08;1045.0
2018-10-09;1021.0
2018-10-10;996.0
2018-10-11;976.0
2018-10-12;946.0
2018-10-13;918.0
2018-10-14;895.0
2018-10-15;872.0
2018-10-16;850.0
2018-10-17;826.0
2018-10-18;804.0
2018-10-19;782.0
2018-10-20;759.0
2018-10-21;744.0
2018-10-22;727.0
2018-10-23;712.0
2018-10-24;701.0
2018-10-25;692.0
2018-10-26;676.0
2018-10-27;671.0
2018-10-28;663.0
2018-10-29;657.0
2018-10-30;653.0
2018-10-31;650.0
2018-11-01;648.0
2018-11-02;647.0
2018-11-03;647.0
2018-11-04;646.0
2018-11-05;642.0
2018-11-06;641.0
2018-11-07;641.0
2018-11-08;642.0
2018-11-09;644.0
2018-11-10;644.0
2018-11-11;646.0
2018-11-12;649.0
2018-11-13;655.0
2018-11-14;659.0
2018-11-15;664.0
2018-11-16;671.0
2018-11-17;677.0
2018-11-18;682.0
2018-11-19;691.0
2018-11-20;697.0
2018-11-21;704.0
2018-11-22;712.0
2018-11-23;720.0
2018-11-24;728.0
2018-11-25;736.0
2018-11-26;744.0
2018-11-27;752.0
2018-11-28;760.0
2018-11-29;768.0
2018-11-30;776.0
2018-12-01;783.0
2018-12-02;800.0
2018-12-03;813.0
2018-12-04;827.0
2018-12-05;833.0
2018-12-06;850.0
2018-12-07;869.0
2018-12-08;888.0
2018-12-09;915.0
2018-12-10;933.0
2018-12-11;949.0
2018-12-12;968.0
2018-12-13;988.0
2018-12-14;1013.0
2018-12-15;1026.0
2018-12-16;1048.0
2018-12-17;1055.0
2018-12-18;1068.0
2018-12-19;1082.0
2018-12-20;1097.0
2018-12-21;1103.0
2018-12-22;1112.0
2018-12-23;1123.0
2018-12-24;1131.0
2018-12-25;1142.0
2018-12-26;1151.0
2018-12-27;1161.0
2018-12-28;1167.0
2018-12-29;1175.0
2018-12-30;1183.0
2018-12-31;1189.0
2019-01-01;1196.0
2019-01-02;1203.0
2019-01-03;1209.0
2019-01-04;1213.0
2019-01-05;1222.0
2019-01-06;1227.0
2019-01-07;1233.0
2019-01-08;1237.0
2019-01-09;1243.0
2019-01-10;1250.0
2019-01-11;1260.0
2019-01-12;1266.0
2019-01-13;1269.0
2019-01-14;1278.0
2019-01-15;1275.0
2019-01-16;1279.0
2019-01-17;1283.0
2019-01-18;1291.0
2019-01-19;1289.0
2019-01-20;1294.0
2019-01-21;1304.0
2019-01-22;1310.0
2019-01-23;1316.0
2019-01-24;1320.0
2019-01-25;1321.0
2019-01-26;1328.0
2019-01-27;1333.0
2019-01-28;1338.0
2019-01-29;1341.0
2019-01-30;1345.0
2019-01-31;1349.0
2019-02-01;1353.0
2019-02-02;1357.0
2019-02-03;1362.0
2019-02-04;1367.0
2019-02-05;1371.0
2019-02-06;1375.0
2019-02-07;1378.0
2019-02-08;1381.0
2019-02-09;1387.0
2019-02-10;1394.0
2019-02-11;1398.0
2019-02-12;1403.0
2019-02-13;1409.0
2019-02-14;1415.0
2019-02-15;1419.0
2019-02-16;1424.0
2019-02-17;1427.0
2019-02-18;1432.0
2019-02-19;1435.0
2019-02-20;1439.0
2019-02-21;1446.0
2019-02-22;1451.0
2019-02-23;1456.0
2019-02-24;1460.0
2019-02-25;1464.0
2019-02-26;1467.0
2019-02-27;1471.0
2019-02-28;1475.0
2019-03-01;1478.0
2019-03-02;1480.0
2019-03-03;1482.0
2019-03-04;1484.0
2019-03-05;1484.0
2019-03-06;1486.0
2019-03-07;1486.0
2019-03-08;1487.0
2019-03-09;1488.0
2019-03-10;1488.0
2019-03-11;1489.0
2019-03-12;1491.0
2019-03-13;1493.0
2019-03-14;1494.0
2019-03-15;1496.0
2019-03-16;1498.0
2019-03-17;1499.0
2019-03-18;1499.0
2019-03-19;1502.0
2019-03-20;1503.0
2019-03-21;1505.0
2019-03-22;1508.0
2019-03-23;1511.0
2019-03-24;1514.0
2019-03-25;1516.0
2019-03-26;1520.0
2019-03-27;1521.0
2019-03-28;1523.0
2019-03-29;1529.0
2019-03-30;1539.0
2019-03-31;1542.0
2019-04-01;1544.0
2019-04-02;1547.0
2019-04-03;1548.0
2019-04-04;1551.0
2019-04-05;1552.0
2019-04-06;1557.0
2019-04-07;1560.0
2019-04-08;1563.0
2019-04-09;1566.0
2019-04-10;1571.0
2019-04-11;1573.0
2019-04-12;1578.0
2019-04-13;1581.0
2019-04-14;1583.0
2019-04-15;1592.0
2019-04-16;1596.0
2019-04-17;1601.0
2019-04-18;1604.0
2019-04-19;1607.0
2019-04-20;1611.0
2019-04-21;1618.0
2019-04-22;1623.0
2019-04-23;1627.0
2019-04-24;1631.0
2019-04-25;1636.0
2019-04-26;1642.0
2019-04-27;1648.0
2019-04-28;1653.0
2019-04-29;1659.0
2019-04-30;1663.0
2019-05-01;1667.0
2019-05-02;1672.0
2019-05-03;1678.0
2019-05-04;1683.0
2019-05-05;1687.0
2019-05-06;1693.0
2019-05-07;1696.0
2019-05-08;1703.0
2019-05-09;1705.0
2019-05-10;1709.0
2019-05-11;1713.0
2019-05-12;1719.0
2019-05-13;1724.0
2019-05-14;1729.0
2019-05-15;1737.0
2019-05-16;1742.0
2019-05-17;1748.0
2019-05-18;1756.0
2019-05-19;1761.0
2019-05-20;1768.0
2019-05-21;1777.0
2019-05-22;1782.0
2019-05-23;1787.0
2019-05-24;1793.0
2019-05-25;1797.0
2019-05-26;1803.0
2019-05-27;1809.0
2019-05-28;1813.0
2019-05-29;1818.0
2019-05-30;1823.0
2019-05-31;1829.0
2019-06-01;1833.0
2019-06-02;1837.0
2019-06-03;1841.0
2019-06-04;1845.0
2019-06-05;1851.0
2019-06-06;1852.0
2019-06-07;1855.0
2019-06-08;1860.0
2019-06-09;1862.0
2019-06-10;1865.0
2019-06-11;1866.0
2019-06-12;1869.0
2019-06-13;1872.0
2019-06-14;1874.0
2019-06-15;1875.0
2019-06-16;1878.0
2019-06-17;1880.0
2019-06-18;1880.0
2019-06-19;1880.0
2019-06-20;1881.0
2019-06-21;1881.0
2019-06-22;1882.0
2019-06-23;1882.0
2019-06-24;1881.0
2019-06-25;1880.0
2019-06-26;1878.0
2019-06-27;1878.0
2019-06-28;1877.0
2019-06-29;1876.0
2019-06-30;1874.0
2019-07-01;1873.0
2019-07-02;1871.0
2019-07-03;1870.0
2019-07-04;1868.0
2019-07-05;1866.0
2019-07-06;1864.0
2019-07-07;1865.0
2019-07-08;1861.0
2019-07-09;1860.0
2019-07-10;1859.0
2019-07-11;1854.0
2019-07-12;1853.0
2019-07-13;1851.0
2019-07-14;1848.0
2019-07-15;1845.0
2019-07-16;1841.0
2019-07-17;1840.0
2019-07-18;1836.0
2019-07-19;1832.0
2019-07-20;1830.0
2019-07-21;1827.0
2019-07-22;1823.0
2019-07-23;1818.0
2019-07-24;1814.0
2019-07-25;1809.0
2019-07-26;1804.0
2019-07-27;1799.0
2019-07-28;1794.0
2019-07-29;1789.0
2019-07-30;1786.0
2019-07-31;1782.0
2019-08-01;1773.0
2019-08-02;1765.0
2019-08-03;1761.0
2019-08-04;1756.0
2019-08-05;1751.0
2019-08-06;1746.0
2019-08-07;1741.0
2019-08-08;1735.0
2019-08-09;1729.0
2019-08-10;1723.0
2019-08-11;1717.0
2019-08-12;1713.0
2019-08-13;1706.0
2019-08-14;1701.0
2019-08-15;1697.0
2019-08-16;1692.0
2019-08-17;1685.0
2019-08-18;1681.0
2019-08-19;1676.0
2019-08-20;1666.0
2019-08-21;1661.0
2019-08-22;1659.0
2019-08-23;1647.0
2019-08-24;1641.0
2019-08-25;1632.0
2019-08-26;1627.0
2019-08-27;1620.0
2019-08-28;1612.0
2019-08-29;1604.0
2019-08-30;1596.0
2019-08-31;1590.0
2019-09-01;1578.0
2019-09-02;1571.0
2019-09-03;1564.0
2019-09-04;1555.0
2019-09-05;1544.0
2019-09-06;1534.0
2019-09-07;1521.0
2019-09-08;1508.0
2019-09-09;1494.0
2019-09-10;1479.0
2019-09-11;1464.0
2019-09-12;1448.0
2019-09-13;1432.0
2019-09-14;1418.0
2019-09-15;1401.0
2019-09-16;1382.0
2019-09-17;1369.0
2019-09-18;1354.0
2019-09-19;1336.0
2019-09-20;1321.0
2019-09-21;1306.0
2019-09-22;1292.0
2019-09-23;1278.0
2019-09-24;1263.0
2019-09-25;1249.0
2019-09-26;1238.0
2019-09-27;1225.0
2019-09-28;1213.0
2019-09-29;1202.0
2019-09-30;1192.0
2019-10-01;1182.0
2019-10-02;1172.0
2019-10-03;1165.0
2019-10-04;1163.0
2019-10-05;1159.0
2019-10-06;1153.0
2019-10-07;1146.0
2019-10-08;1142.0
2019-10-09;1139.0
2019-10-10;1136.0
2019-10-11;1133.0
2019-10-12;1130.0
2019-10-13;1128.0
2019-10-14;1125.0
2019-10-15;1120.0
2019-10-16;1119.0
2019-10-17;1120.0
2019-10-18;1123.0
2019-10-19;1126.0
2019-10-20;1130.0
2019-10-21;1136.0
2019-10-22;1142.0
2019-10-23;1148.0
2019-10-24;1152.0
2019-10-25;1155.0
2019-10-26;1163.0
2019-10-27;1172.0
2019-10-28;1176.0
2019-10-29;1179.0
2019-10-30;1181.0
2019-10-31;1181.0
2019-11-01;1182.0
2019-11-02;1182.0
2019-11-03;1175.0
2019-11-04;1165.0
2019-11-05;1160.0
2019-11-06;1155.0
2019-11-07;1149.0
2019-11-08;1142.0
2019-11-09;1133.0
2019-11-10;1125.0
2019-11-11;1120.0
2019-11-12;1115.0
2019-11-13;1112.0
2019-11-14;1109.0
2019-11-15;1112.0
2019-11-16;1115.0
2019-11-17;1118.0
2019-11-18;1122.0
2019-11-19;1130.0
2019-11-20;1138.0
2019-11-21;1148.0
2019-11-22;1166.0
2019-11-23;1166.0
2019-11-24;1176.0
2019-11-25;1185.0
2019-11-26;1189.0
2019-11-27;1195.0
2019-11-28;1195.0
2019-11-29;1195.0
2019-11-30;1195.0
2019-12-01;1189.0
2019-12-02;1183.0
2019-12-03;1175.0
2019-12-04;1173.0
2019-12-05;1171.0
2019-12-06;1168.0
2019-12-07;1166.0
2019-12-08;1164.0
2019-12-09;1159.0
2019-12-10;1157.0
2019-12-11;1148.0
2019-12-12;1144.0
2019-12-13;1135.0
2019-12-14;1134.0
2019-12-15;1134.0
2019-12-16;1131.0
2019-12-17;1130.0
2019-12-18;1130.0
2019-12-19;1136.0
2019-12-20;1142.0
2019-12-21;1150.0
2019-12-22;1163.0
2019-12-23;1176.0
2019-12-24;1188.0
2019-12-25;1203.0
2019-12-26;1213.0
2019-12-27;1223.0
2019-12-28;1232.0
2019-12-29;1240.0
2019-12-30;1250.0
2019-12-31;1262.0
2020-01-01;1270.0
2020-01-02;1281.0
2020-01-03;1294.0
2020-01-04;1306.0
2020-01-05;1319.0
2020-01-06;1327.0
2020-01-07;1337.0
2020-01-08;1345.0
2020-01-09;1353.0
2020-01-10;1358.0
2020-01-11;1363.0
2020-01-12;1366.0
2020-01-13;1371.0
2020-01-14;1375.0
2020-01-15;1375.0
2020-01-16;1375.0
2020-01-17;1375.0
2020-01-18;1375.0
2020-01-19;1375.0
2020-01-20;1370.0
2020-01-21;1365.0
2020-01-22;1363.0
2020-01-23;1358.0
2020-01-24;1357.0
2020-01-25;1351.0
2020-01-26;1349.0
2020-01-27;1346.0
2020-01-28;1354.0
2020-01-29;1354.0
2020-01-30;1354.0
2020-01-31;1354.0
2020-02-01;1354.0
2020-02-02;1354.0
2020-02-03;1354.0
2020-02-04;1354.0
2020-02-05;1354.0
2020-02-06;1357.0
2020-02-07;1357.0
2020-02-08;1357.0
2020-02-09;1351.0
2020-02-10;1349.0
2020-02-11;1346.0
2020-02-12;1345.0
2020-02-13;1338.0
2020-02-14;1335.0
2020-02-15;1333.0
2020-02-16;1333.0
2020-02-17;1330.0
2020-02-18;1330.0
2020-02-19;1327.0
2020-02-20;1327.0
2020-02-21;1326.0
2020-02-22;1323.0
2020-02-23;1322.0
2020-02-24;1322.0
2020-02-25;1322.0
2020-02-26;1324.0
2020-02-27;1327.0
2020-02-28;1329.0
2020-02-29;1331.0
2020-03-01;1334.0
2020-03-02;1336.0
2020-03-03;1338.0
2020-03-04;1340.0
2020-03-05;1342.0
2020-03-06;1343.0
2020-03-07;1348.0
2020-03-08;1349.0
2020-03-09;1350.0
2020-03-10;1353.0
2020-03-11;1355.0
2020-03-12;1356.0
2020-03-13;1361.0
2020-03-14;1367.0
2020-03-15;1371.0
2020-03-16;1376.0
2020-03-17;1381.0
2020-03-18;1386.0
2020-03-19;1395.0
2020-03-20;1400.0
2020-03-21;1406.0
2020-03-22;1411.0
2020-03-23;1416.0
2020-03-24;1418.0
2020-03-25;1420.0
2020-03-26;1421.0
2020-03-27;1425.0
2020-03-28;1426.0
2020-03-29;1429.0
2020-03-30;1431.0
2020-03-31;1436.0
2020-04-01;1441.0
2020-04-02;1445.0
2020-04-03;1447.0
2020-04-04;1451.0
2020-04-05;1453.0
2020-04-06;1454.0
2020-04-07;1455.0
2020-04-08;1459.0
2020-04-09;1466.0
2020-04-10;1471.0
2020-04-11;1475.0
2020-04-12;1482.0
2020-04-13;1487.0
2020-04-14;1494.0
2020-04-15;1499.0
2020-04-16;1503.0
2020-04-17;1506.0
2020-04-18;1514.0
2020-04-19;1521.0
2020-04-20;1532.0
2020-04-21;1537.0
2020-04-22;1543.0
2020-04-23;1548.0
2020-04-24;1554.0
2020-04-25;1566.0
2020-04-26;1572.0
2020-04-27;1576.0
2020-04-28;1581.0
2020-04-29;1587.0
2020-04-30;1593.0
2020-05-01;1600.0
2020-05-02;1606.0
2020-05-03;1612.0
2020-05-04;1617.0
2020-05-05;1624.0
2020-05-06;1632.0
2020-05-07;1638.0
2020-05-08;1645.0
2020-05-09;1649.0
2020-05-10;1653.0
2020-05-11;1660.0
2020-05-12;1666.0
2020-05-13;1670.0
2020-05-14;1676.0
2020-05-15;1680.0
2020-05-16;1687.0
2020-05-17;1696.0
2020-05-18;1704.0
2020-05-19;1708.0
2020-05-20;1713.0
2020-05-21;1718.0
2020-05-22;1722.0
2020-05-23;1727.0
2020-05-24;1731.0
2020-05-25;1737.0
2020-05-26;1742.0
2020-05-27;1748.0
2020-05-28;1754.0
2020-05-29;1761.0
2020-05-30;1767.0
2020-05-31;1771.0
2020-06-01;1771.0
2020-06-02;1773.0
2020-06-03;1775.0
2020-06-04;1778.0
2020-06-05;1781.0
2020-06-06;1783.0
2020-06-07;1787.0
2020-06-08;1789.0
2020-06-09;1790.0
2020-06-10;1790.0
2020-06-11;1792.0
2020-06-12;1794.0
2020-06-13;1796.0
2020-06-14;1796.0
2020-06-15;1796.0
2020-06-16;1796.0
2020-06-17;1796.0
2020-06-18;1796.0
2020-06-19;1796.0
2020-06-20;1795.0
2020-06-21;1793.0
2020-06-22;1793.0
2020-06-23;1792.0
2020-06-24;1790.0
2020-06-25;1790.0
2020-06-26;1788.0
2020-06-27;1787.0
2020-06-28;1786.0
2020-06-29;1785.0
2020-06-30;1784.0
2020-07-01;1784.0
2020-07-02;1783.0
2020-07-03;1783.0
2020-07-04;1783.0
2020-07-05;1782.0
2020-07-06;1782.0
2020-07-07;1780.0
2020-07-08;1780.0
2020-07-09;1779.0
2020-07-10;1778.0
2020-07-11;1776.0
2020-07-12;1776.0
2020-07-13;1774.0
2020-07-14;1773.0
2020-07-15;1770.0
2020-07-16;1769.0
2020-07-17;1767.0
2020-07-18;1764.0
2020-07-19;1760.0
2020-07-20;1756.0
2020-07-21;1753.0
2020-07-22;1749.0
2020-07-23;1746.0
2020-07-24;1744.0
2020-07-25;1737.0
2020-07-26;1730.0
2020-07-27;1725.0
2020-07-28;1721.0
2020-07-29;1716.0
2020-07-30;1711.0
2020-07-31;1705.0
2020-08-01;1697.0
2020-08-02;1690.0
2020-08-03;1685.0
2020-08-04;1680.0
2020-08-05;1675.0
2020-08-06;1667.0
2020-08-07;1663.0
2020-08-08;1651.0
2020-08-09;1649.0
2020-08-10;1642.0
2020-08-11;1636.0
2020-08-12;1630.0
2020-08-13;1626.0
2020-08-14;1616.0
2020-08-15;1609.0
2020-08-16;1603.0
2020-08-17;1596.0
2020-08-18;1585.0
2020-08-19;1573.0
2020-08-20;1561.0
2020-08-21;1553.0
2020-08-22;1544.0
2020-08-23;1535.0
2020-08-24;1524.0
2020-08-25;1517.0
2020-08-26;1506.0
2020-08-27;1488.0
2020-08-28;1474.0
2020-08-29;1461.0
2020-08-30;1449.0
2020-08-31;1435.0
2020-09-01;1418.0
2020-09-02;1406.0
2020-09-03;1387.0
2020-09-04;1368.0
2020-09-05;1350.0
2020-09-06;1329.0
2020-09-07;1310.0
2020-09-08;1289.0
2020-09-09;1268.0
2020-09-10;1246.0
2020-09-11;1225.0
2020-09-12;1205.0
2020-09-13;1179.0
2020-09-14;1159.0
2020-09-15;1134.0
2020-09-16;1109.0
2020-09-17;1088.0
2020-09-18;1060.0
2020-09-19;1035.0
2020-09-20;1016.0
2020-09-21;979.0
2020-09-22;954.0
2020-09-23;931.0
2020-09-24;906.0
2020-09-25;892.0
2020-09-26;875.0
2020-09-27;853.0
2020-09-28;833.0
2020-09-29;815.0
2020-09-30;795.0
2020-10-01;778.0
2020-10-02;761.0
2020-10-03;745.0
2020-10-04;733.0
2020-10-05;717.0
2020-10-06;705.0
2020-10-07;697.0
2020-10-08;693.0
2020-10-09;687.0
2020-10-10;681.0
2020-10-11;674.0
2020-10-12;675.0
2020-10-13;671.0
2020-10-14;670.0
2020-10-15;670.0
2020-10-16;671.0
2020-10-17;672.0
2020-10-18;673.0
2020-10-19;674.0
2020-10-20;675.0
2020-10-21;679.0
2020-10-22;680.0
2020-10-23;681.0
2020-10-24;680.0
2020-10-25;675.0
2020-10-26;675.0
2020-10-27;673.0
2020-10-28;667.0
2020-10-29;665.0
2020-10-30;662.0
2020-10-31;653.0
2020-11-01;649.0
2020-11-02;644.0
2020-11-03;640.0
2020-11-04;638.0
2020-11-05;635.0
2020-11-06;632.0
2020-11-07;631.0
2020-11-08;631.0
2020-11-09;634.0
2020-11-10;636.0
2020-11-11;639.0
2020-11-12;643.0
2020-11-13;644.0
2020-11-14;647.0
2020-11-15;651.0
2020-11-16;654.0
2020-11-17;658.0
2020-11-18;665.0
2020-11-19;675.0
2020-11-20;686.0
2020-11-21;689.0
2020-11-22;692.0
2020-11-23;697.0
2020-11-24;703.0
2020-11-25;708.0
2020-11-26;711.0
2020-11-27;715.0
2020-11-28;719.0
2020-11-29;724.0
2020-11-30;729.0
2020-12-01;735.0
2020-12-02;740.0
2020-12-03;748.0
2020-12-04;755.0
2020-12-05;764.0
2020-12-06;771.0
2020-12-07;780.0
2020-12-08;786.0
2020-12-09;791.0
2020-12-10;796.0
2020-12-11;804.0
2020-12-12;809.0
2020-12-13;815.0
2020-12-14;822.0
2020-12-15;829.0
2020-12-16;836.0
2020-12-17;842.0
2020-12-18;847.0
2020-12-19;857.0
2020-12-20;865.0
2020-12-21;876.0
2020-12-22;887.0
2020-12-23;897.0
2020-12-24;906.0
2020-12-25;916.0
2020-12-26;927.0
2020-12-27;938.0
2020-12-28;957.0
2020-12-29;968.0
2020-12-30;977.0
2020-12-31;986.0
2021-01-01;997.0
2021-01-02;1004.0
2021-01-03;1012.0
2021-01-04;1016.0
2021-01-05;1024.0
2021-01-06;1037.0
2021-01-07;1045.0
2021-01-08;1055.0
2021-01-09;1064.0
2021-01-10;1074.0
2021-01-11;1083.0
2021-01-12;1091.0
2021-01-13;1101.0
2021-01-14;1111.0
2021-01-15;1119.0
2021-01-16;1126.0
2021-01-17;1138.0
2021-01-18;1148.0
2021-01-19;1156.0
2021-01-20;1168.0
2021-01-21;1175.0
2021-01-22;1180.0
2021-01-23;1191.0
2021-01-24;1198.0
2021-01-25;1208.0
2021-01-26;1223.0
2021-01-27;1235.0
2021-01-28;1242.0
2021-01-29;1250.0
2021-01-30;1258.0
2021-01-31;1265.0
2021-02-01;1274.0
2021-02-02;1280.0
2021-02-03;1288.0
2021-02-04;1296.0
2021-02-05;1308.0
2021-02-06;1316.0
2021-02-07;1324.0
2021-02-08;1333.0
2021-02-09;1341.0
2021-02-10;1348.0
2021-02-11;1356.0
2021-02-12;1366.0
2021-02-13;1375.0
2021-02-14;1380.0
2021-02-15;1386.0
2021-02-16;1396.0
2021-02-17;1404.0
2021-02-18;1412.0
2021-02-19;1416.0
2021-02-20;1421.0
2021-02-21;1427.0
2021-02-22;1431.0
2021-02-23;1436.0
2021-02-24;1445.0
2021-02-25;1450.0
2021-02-26;1458.0
2021-02-27;1465.0
2021-02-28;1477.0
2021-03-01;1474.0
2021-03-02;1487.0
2021-03-03;1496.0
2021-03-04;1505.0
2021-03-05;1512.0
2021-03-06;1514.0
2021-03-07;1518.0
2021-03-08;1521.0
2021-03-09;1522.0
2021-03-10;1526.0
2021-03-11;1533.0
2021-03-12;1536.0
2021-03-13;1542.0
2021-03-14;1547.0
2021-03-15;1552.0
2021-03-16;1558.0
2021-03-17;1564.0
2021-03-18;1569.0
2021-03-19;1575.0
2021-03-20;1579.0
2021-03-21;1582.0
2021-03-22;1588.0
2021-03-23;1595.0
2021-03-24;1600.0
2021-03-25;1608.0
2021-03-26;1614.0
2021-03-27;1622.0
2021-03-28;1630.0
2021-03-29;1636.0
2021-03-30;1643.0
2021-03-31;1648.0
2021-04-01;1655.0
2021-04-02;1660.0
2021-04-03;1665.0
2021-04-04;1670.0
2021-04-05;1677.0
2021-04-06;1685.0
2021-04-07;1691.0
2021-04-08;1695.0
2021-04-09;1701.0
2021-04-10;1708.0
2021-04-11;1715.0
2021-04-12;1718.0
2021-04-13;1721.0
2021-04-14;1728.0
2021-04-15;1735.0
2021-04-16;1741.0
2021-04-17;1747.0
2021-04-18;1752.0
2021-04-19;1758.0
2021-04-20;1762.0
2021-04-21;1767.0
2021-04-22;1773.0
2021-04-23;1778.0
2021-04-24;1782.0
2021-04-25;1790.0
2021-04-26;1798.0
2021-04-27;1808.0
2021-04-28;1817.0
2021-04-29;1824.0
2021-04-30;1835.0
2021-05-01;1840.0
2021-05-02;1847.0
2021-05-03;1855.0
2021-05-04;1859.0
2021-05-05;1861.0
2021-05-06;1862.0
2021-05-07;1867.0
2021-05-08;1877.0
2021-05-09;1879.0
2021-05-10;1882.0
2021-05-11;1885.0
2021-05-12;1887.0
2021-05-13;1895.0
2021-05-14;1901.0
2021-05-15;1905.0
2021-05-16;1908.0
2021-05-17;1909.0
2021-05-18;1911.0
2021-05-19;1917.0
2021-05-20;1920.0
2021-05-21;1922.0
2021-05-22;1926.0
2021-05-23;1929.0
2021-05-24;1930.0
2021-05-25;1931.0
2021-05-26;1932.0
2021-05-27;1932.0
2021-05-28;1934.0
2021-05-29;1935.0
2021-05-30;1937.0
2021-05-31;1937.0
2021-06-01;1939.0
2021-06-02;1940.0
2021-06-03;1941.0
2021-06-04;1942.0
2021-06-05;1943.0
2021-06-06;1943.0
2021-06-07;1944.0
2021-06-08;1944.0
2021-06-09;1944.0
2021-06-10;1944.0
2021-06-11;1944.0
2021-06-12;1944.0
2021-06-13;1944.0
2021-06-14;1945.0
2021-06-15;1947.0
2021-06-16;1950.0
2021-06-17;1951.0
2021-06-18;1951.0
2021-06-19;1951.0
2021-06-20;1950.0
2021-06-21;1950.0
2021-06-22;1950.0
2021-06-23;1950.0
2021-06-24;1950.0
2021-06-25;1950.0
2021-06-26;1949.0
2021-06-27;1949.0
2021-06-28;1948.0
2021-06-29;1947.0
2021-06-30;1946.0
2021-07-01;1942.0
2021-07-02;1941.0
2021-07-03;1940.0
2021-07-04;1938.0
2021-07-05;1936.0
2021-07-06;1933.0
2021-07-07;1929.0
2021-07-08;1927.0
2021-07-09;1926.0
2021-07-10;1924.0
2021-07-11;1920.0
2021-07-12;1917.0
2021-07-13;1916.0
2021-07-14;1912.0
2021-07-15;1908.0
2021-07-16;1903.0
2021-07-17;1898.0
2021-07-18;1895.0
2021-07-19;1892.0
2021-07-20;1887.0
2021-07-21;1884.0
2021-07-22;1878.0
2021-07-23;1873.0
2021-07-24;1866.0
2021-07-25;1864.0
2021-07-26;1861.0
2021-07-27;1856.0
2021-07-28;1852.0
2021-07-29;1846.0
2021-07-30;1840.0
2021-07-31;1833.0
2021-08-01;1831.0
2021-08-02;1828.0
2021-08-03;1823.0
2021-08-04;1819.0
2021-08-05;1814.0
2021-08-06;1809.0
2021-08-07;1803.0
2021-08-08;1799.0
2021-08-09;1798.0
2021-08-10;1795.0
2021-08-11;1791.0
2021-08-12;1787.0
2021-08-13;1784.0
2021-08-14;1779.0
2021-08-15;1774.0
2021-08-16;1769.0
2021-08-17;1763.0
2021-08-18;1759.0
2021-08-19;1754.0
2021-08-20;1748.0
2021-08-21;1741.0
2021-08-22;1734.0
2021-08-23;1729.0
2021-08-24;1724.0
2021-08-25;1719.0
2021-08-26;1714.0
2021-08-27;1709.0
2021-08-28;1706.0
2021-08-29;1701.0
2021-08-30;1697.0
2021-08-31;1693.0
2021-09-01;1686.0
2021-09-02;1680.0
2021-09-03;1674.0
2021-09-04;1662.0
2021-09-05;1658.0
2021-09-06;1649.0
2021-09-07;1640.0
2021-09-08;1628.0
2021-09-09;1620.0
2021-09-10;1608.0
2021-09-11;1598.0
2021-09-12;1591.0
2021-09-13;1586.0
2021-09-14;1580.0
2021-09-15;1573.0
2021-09-16;1568.0
2021-09-17;1554.0
2021-09-18;1544.0
2021-09-19;1533.0
2021-09-20;1525.0
2021-09-21;1516.0
2021-09-22;1508.0
2021-09-23;1497.0
2021-09-24;1488.0
2021-09-25;1482.0
2021-09-26;1466.0
2021-09-27;1458.0
2021-09-28;1448.0
2021-09-29;1434.0
2021-09-30;1420.0
2021-10-01;1406.0
2021-10-02;1392.0
2021-10-03;1382.0
2021-10-04;1373.0
2021-10-05;1363.0
2021-10-06;1346.0
2021-10-07;1330.0
2021-10-08;1318.0
2021-10-09;1308.0
2021-10-10;1301.0
2021-10-11;1296.0
2021-10-12;1292.0
2021-10-13;1286.0
2021-10-14;1280.0
2021-10-15;1274.0
2021-10-16;1264.0
2021-10-17;1260.0
2021-10-18;1253.0
2021-10-19;1246.0
2021-10-20;1242.0
2021-10-21;1238.0
2021-10-22;1233.0
2021-10-23;1228.0
2021-10-24;1222.0
2021-10-25;1216.0
2021-10-26;1210.0
2021-10-27;1205.0
2021-10-28;1200.0
2021-10-29;1194.0
2021-10-30;1188.0
2021-10-31;1180.0
2021-11-01;1161.0
2021-11-02;1141.0
2021-11-03;969.0
2021-11-04;963.0
2021-11-05;964.0
2021-11-06;964.0
2021-11-07;964.0
2021-11-08;964.0
2021-11-09;964.0
2021-11-10;963.0
2021-11-11;962.0
2021-11-12;961.0
2021-11-13;958.0
2021-11-14;949.0
2021-11-15;950.0
2021-11-16;950.0
2021-11-17;952.0
2021-11-18;974.0
2021-11-19;978.0
2021-11-20;985.0
2021-11-21;994.0
2021-11-22;1002.0
2021-11-23;1013.0
2021-11-24;1019.0
2021-11-25;1023.0
2021-11-26;1031.0
2021-11-27;1039.0
2021-11-28;1048.0
2021-11-29;1054.0
2021-11-30;1058.0
2021-12-01;1102.0
2021-12-02;1105.0
2021-12-03;1108.0
2021-12-04;1111.0
2021-12-05;1114.0
2021-12-06;1116.0
2021-12-07;1116.0
2021-12-08;1118.0
2021-12-09;1124.0
2021-12-10;1137.0
2021-12-11;1144.0
2021-12-12;1152.0
2021-12-13;1157.0
2021-12-14;1164.0
2021-12-15;1171.0
2021-12-16;1178.0
2021-12-17;1182.0
2021-12-18;1187.0
2021-12-19;1196.0
2021-12-20;1203.0
2021-12-21;1211.0
2021-12-22;1218.0
2021-12-23;1223.0
2021-12-24;1227.0
2021-12-25;1234.0
2021-12-26;1240.0
2021-12-27;1247.0
2021-12-28;1250.0
2021-12-29;1256.0
2021-12-30;1264.0
2021-12-31;1270.0
2022-01-01;1276.0
2022-01-02;1286.0
2022-01-03;1300.0
2022-01-04;1311.0
2022-01-05;1320.0
2022-01-06;1332.0
2022-01-07;1344.0
2022-01-08;1356.0
2022-01-09;1363.0
2022-01-10;1369.0
2022-01-11;1371.0
2022-01-12;1371.0
2022-01-13;1376.0
2022-01-14;1376.0
2022-01-15;1376.0
2022-01-16;1376.0
2022-01-17;1376.0
2022-01-18;1378.0
2022-01-19;1364.0
2022-01-20;1361.0
2022-01-21;1357.0
2022-01-22;1354.0
2022-01-23;1350.0
2022-01-24;1346.0
2022-01-25;1343.0
2022-01-26;1340.0
2022-01-27;1337.0
2022-01-28;1333.0
2022-01-29;1329.0
2022-01-30;1326.0
2022-01-31;1322.0
2022-02-01;1317.0
2022-02-02;1314.0
2022-02-03;1314.0
2022-02-04;1312.0
2022-02-05;1312.0
2022-02-06;1310.0
2022-02-07;1312.0
2022-02-08;1315.0
2022-02-09;1320.0
2022-02-10;1326.0
2022-02-11;1330.0
2022-02-12;1335.0
2022-02-13;1338.0
2022-02-14;1344.0
2022-02-15;1347.0
2022-02-16;1351.0
2022-02-17;1356.0
2022-02-18;1360.0
2022-02-19;1363.0
2022-02-20;1366.0
2022-02-21;1370.0
2022-02-22;1374.0
2022-02-23;1378.0
2022-02-24;1382.0
2022-02-25;1386.0
2022-02-26;1389.0
2022-02-27;1393.0
2022-02-28;1398.0
2022-03-01;1402.0
2022-03-02;1407.0
2022-03-03;1410.0
2022-03-04;1413.0
2022-03-05;1416.0
2022-03-06;1418.0
2022-03-07;1422.0
2022-03-08;1426.0
2022-03-09;1436.0
2022-03-10;1445.0
2022-03-11;1455.0
2022-03-12;1463.0
2022-03-13;1474.0
2022-03-14;1483.0
2022-03-15;1492.0
2022-03-16;1501.0
2022-03-17;1511.0
2022-03-18;1520.0
2022-03-19;1531.0
2022-03-20;1540.0
2022-03-21;1550.0
2022-03-22;1569.0
2022-03-23;1572.0
2022-03-24;1582.0
2022-03-25;1596.0
2022-03-26;1609.0
2022-03-27;1610.0
2022-03-28;1619.0
2022-03-29;1629.0
2022-03-30;1640.0
2022-03-31;1648.0
2022-04-01;1653.0
2022-04-02;1664.0
2022-04-03;1676.0
2022-04-04;1682.0
2022-04-05;1687.0
2022-04-06;1694.0
2022-04-07;1698.0
2022-04-08;1704.0
2022-04-09;1711.0
2022-04-10;1715.0
2022-04-11;1721.0
2022-04-12;1727.0
2022-04-13;1731.0
2022-04-14;1737.0
2022-04-15;1743.0
2022-04-16;1749.0
2022-04-17;1755.0
2022-04-18;1762.0
2022-04-19;1770.0
2022-04-20;1774.0
2022-04-21;1778.0
2022-04-22;1783.0
2022-04-23;1787.0
2022-04-24;1790.0
2022-04-25;1794.0
2022-04-26;1797.0
2022-04-27;1800.0
2022-04-28;1803.0
2022-04-29;1808.0
2022-04-30;1811.0
2022-05-01;1815.0
2022-05-02;1819.0
2022-05-03;1824.0
2022-05-04;1820.0
2022-05-05;1832.0
2022-05-06;1838.0
2022-05-07;1841.0
2022-05-08;1846.0
2022-05-09;1848.0
2022-05-10;1850.0
2022-05-11;1852.0
2022-05-12;1854.0
2022-05-13;1856.0
2022-05-14;1859.0
2022-05-15;1862.0
2022-05-16;1866.0
2022-05-17;1868.0
2022-05-18;1872.0
2022-05-19;1874.0
2022-05-20;1874.0
2022-05-21;1876.0
2022-05-22;1877.0
2022-05-23;1878.0
2022-05-24;1879.0
2022-05-25;1880.0
2022-05-26;1884.0
2022-05-27;1884.0
2022-05-28;1885.0
2022-05-29;1886.0
2022-05-30;1888.0
2022-05-31;1890.0
2022-06-01;1892.0
2022-06-02;1893.0
2022-06-03;1897.0
2022-06-04;1903.0
2022-06-05;1906.0
2022-06-06;1908.0
2022-06-07;1910.0
2022-06-08;1912.0
2022-06-09;1916.0
2022-06-10;1917.0
2022-06-11;1918.0
2022-06-12;1918.0
2022-06-13;1920.0
2022-06-14;1920.0
2022-06-15;1922.0
2022-06-16;1924.0
2022-06-17;1926.0
2022-06-18;1926.0
2022-06-19;1926.0
2022-06-20;1927.0
2022-06-21;1927.0
2022-06-22;1927.0
2022-06-23;1928.0
2022-06-24;1928.0
2022-06-25;1928.0
2022-06-26;1928.0
2022-06-27;1926.0
2022-06-28;1924.0
2022-06-29;1922.0
2022-06-30;1920.0
2022-07-01;1918.0
2022-07-02;1915.0
2022-07-03;1911.0
2022-07-04;1907.0
2022-07-05;1903.0
2022-07-06;1897.0
2022-07-07;1894.0
2022-07-08;1890.0
2022-07-09;1885.0
2022-07-10;1882.0
2022-07-11;1878.0
2022-07-12;1874.0
2022-07-13;1869.0
2022-07-14;1865.0
2022-07-15;1862.0
2022-07-16;1857.0
2022-07-17;1856.0
2022-07-18;1852.0
2022-07-19;1849.0
2022-07-20;1845.0
2022-07-21;1842.0
2022-07-22;1839.0
2022-07-23;1834.0
2022-07-24;1829.0
2022-07-25;1826.0
2022-07-26;1823.0
2022-07-27;1819.0
2022-07-28;1816.0
2022-07-29;1813.0
2022-07-30;1809.0
2022-07-31;1791.0
2022-08-01;1786.0
2022-08-02;1781.0
2022-08-03;1775.0
2022-08-04;1769.0
2022-08-05;1763.0
2022-08-06;1759.0
2022-08-07;1755.0
2022-08-08;1751.0
2022-08-09;1747.0
2022-08-10;1745.0
2022-08-11;1736.0
2022-08-12;1731.0
2022-08-13;1725.0
2022-08-14;1720.0
2022-08-15;1714.0
2022-08-16;1706.0
2022-08-17;1698.0
2022-08-18;1691.0
2022-08-19;1686.0
2022-08-20;1679.0
2022-08-21;1669.0
2022-08-22;1663.0
2022-08-23;1655.0
2022-08-24;1644.0
2022-08-25;1635.0
2022-08-26;1625.0
2022-08-27;1614.0
2022-08-28;1604.0
2022-08-29;1594.0
2022-08-30;1584.0
2022-08-31;1574.0
2022-09-01;1559.0
2022-09-02;1547.0
2022-09-03;1537.0
2022-09-04;1525.0
2022-09-05;1513.0
2022-09-06;1503.0
2022-09-07;1493.0
2022-09-08;1482.0
2022-09-09;1472.0
2022-09-10;1458.0
2022-09-11;1446.0
2022-09-12;1434.0
2022-09-13;1423.0
2022-09-14;1413.0
2022-09-15;1399.0
2022-09-16;1387.0
2022-09-17;1375.0
2022-09-18;1360.0
2022-09-19;1350.0
2022-09-20;1336.0
2022-09-21;1322.0
2022-09-22;1306.0
2022-09-23;1291.0
2022-09-24;1267.0
2022-09-25;1240.0
2022-09-26;1222.0
2022-09-27;1207.0
2022-09-28;1194.0
2022-09-29;1178.0
2022-09-30;1165.0
2022-10-01;1033.0
2022-10-02;1021.0
2022-10-03;1008.0
2022-10-04;998.0
2022-10-05;985.0
2022-10-06;970.0
2022-10-07;954.0
2022-10-08;940.0
2022-10-09;929.0
2022-10-10;918.0
2022-10-11;908.0
2022-10-12;894.0
2022-10-13;875.0
2022-10-14;850.0
2022-10-15;835.0
2022-10-16;818.0
2022-10-17;808.0
2022-10-18;800.0
2022-10-19;783.0
2022-10-20;767.0
2022-10-21;749.0
2022-10-22;742.0
2022-10-23;729.0
2022-10-24;720.0
2022-10-25;713.0
2022-10-26;709.0
2022-10-27;708.0
2022-10-28;706.0
2022-10-29;706.0
2022-10-30;709.0
2022-10-31;714.0
2022-11-01;719.0
2022-11-02;726.0
2022-11-03;736.0
2022-11-04;746.0
2022-11-05;755.0
2022-11-06;764.0
2022-11-07;770.0
2022-11-08;782.0
2022-11-09;794.0
2022-11-10;806.0
2022-11-11;818.0
2022-11-12;826.0
2022-11-13;835.0
2022-11-14;844.0
2022-11-15;852.0
2022-11-16;860.0
2022-11-17;866.0
2022-11-18;876.0
2022-11-19;889.0
2022-11-20;897.0
2022-11-21;906.0
2022-11-22;910.0
2022-11-23;911.0
2022-11-24;912.0
2022-11-25;909.0
2022-11-26;906.0
2022-11-27;904.0
2022-11-28;900.0
2022-11-29;896.0
2022-11-30;894.0
2022-12-01;895.0
2022-12-02;898.0
2022-12-03;900.0
2022-12-04;906.0
2022-12-05;914.0
2022-12-06;922.0
2022-12-07;930.0
2022-12-08;936.0
2022-12-09;946.0
2022-12-10;953.0
2022-12-11;961.0
2022-12-12;972.0
2022-12-13;981.0
2022-12-14;984.0
2022-12-15;987.0
2022-12-16;990.0
2022-12-17;993.0
2022-12-18;996.0
2022-12-19;992.0
2022-12-20;994.0
2022-12-21;993.0
2022-12-22;990.0
2022-12-23;988.0
2022-12-24;987.0
2022-12-25;987.0
2022-12-26;987.0
2022-12-27;989.0
2022-12-28;984.0
2022-12-29;984.0
2022-12-30;994.0
2022-12-31;995.0
2023-01-01;995.0
2023-01-02;990.0
2023-01-03;995.0
2023-01-04;995.0
2023-01-05;995.0
2023-01-06;994.0
2023-01-07;993.0
2023-01-08;991.0
2023-01-09;992.0
2023-01-10;994.0
2023-01-11;996.0
2023-01-12;998.0
2023-01-13;998.0
2023-01-14;1002.0
2023-01-15;1004.0
2023-01-16;1010.0
2023-01-17;1017.0
2023-01-18;1026.0
2023-01-19;1036.0
2023-01-20;1040.0
2023-01-21;1047.0
2023-01-22;1054.0
2023-01-23;1062.0
2023-01-24;1068.0
2023-01-25;1074.0
2023-01-26;1084.0
2023-01-27;1090.0
2023-01-28;1097.0
2023-01-29;1106.0
2023-01-30;1115.0
2023-01-31;1124.0
2023-02-01;1134.0
2023-02-02;1140.0
2023-02-03;1145.0
2023-02-04;1150.0
2023-02-05;1158.0
2023-02-06;1166.0
2023-02-07;1180.0
2023-02-08;1190.0
2023-02-09;1198.0
2023-02-10;1207.0
2023-02-11;1218.0
2023-02-12;1224.0
2023-02-13;1232.0
2023-02-14;1240.0
2023-02-15;1245.0
2023-02-16;1250.0
2023-02-17;1252.0
2023-02-18;1258.0
2023-02-19;1266.0
2023-02-20;1272.0
2023-02-21;1280.0
2023-02-22;1287.0
2023-02-23;1293.0
2023-02-24;1301.0
2023-02-25;1311.0
2023-02-26;1320.0
2023-02-27;1328.0
2023-02-28;1338.0
2023-03-01;1346.0
2023-03-02;1355.0
2023-03-03;1364.0
2023-03-04;1375.0
2023-03-05;1385.0
2023-03-06;1392.0
2023-03-07;1402.0
2023-03-08;1412.0
2023-03-09;1420.0
2023-03-10;1428.0
2023-03-11;1436.0
2023-03-12;1447.0
2023-03-13;1460.0
2023-03-14;1467.0
2023-03-15;1471.0
2023-03-16;1475.0
2023-03-17;1479.0
2023-03-18;1483.0
2023-03-19;1486.0
2023-03-20;1488.0
2023-03-21;1490.0
2023-03-22;1492.0
2023-03-23;1494.0
2023-03-24;1496.0
2023-03-25;1498.0
2023-03-26;1500.0
2023-03-27;1504.0
2023-03-28;1509.0
2023-03-29;1517.0
2023-03-30;1522.0
2023-03-31;1526.0
2023-04-01;1528.0
2023-04-02;1528.0
2023-04-03;1529.0
2023-04-04;1530.0
2023-04-05;1532.0
2023-04-06;1534.0
2023-04-07;1537.0
2023-04-08;1541.0
2023-04-09;1544.0
2023-04-10;1547.0
2023-04-11;1551.0
2023-04-12;1555.0
2023-04-13;1558.0
2023-04-14;1562.0
2023-04-15;1564.0
2023-04-16;1568.0
2023-04-17;1572.0
2023-04-18;1575.0
2023-04-19;1576.0
2023-04-20;1581.0
2023-04-21;1585.0
2023-04-22;1589.0
2023-04-23;1592.0
2023-04-24;1594.0
2023-04-25;1597.0
2023-04-26;1603.0
2023-04-27;1607.0
2023-04-28;1611.0
2023-04-29;1615.0
2023-04-30;1619.0
2023-05-01;1626.0
2023-05-02;1634.0
2023-05-03;1646.0
2023-05-04;1651.0
2023-05-05;1656.0
2023-05-06;1660.0
2023-05-07;1663.0
2023-05-08;1667.0
2023-05-09;1670.0
2023-05-10;1674.0
2023-05-11;1678.0
2023-05-12;1683.0
2023-05-13;1686.0
2023-05-14;1688.0
2023-05-15;1693.0
2023-05-16;1697.0
2023-05-17;1700.0
2023-05-18;1705.0
2023-05-19;1710.0
2023-05-20;1714.0
2023-05-21;1719.0
2023-05-22;1723.0
2023-05-23;1726.0
2023-05-24;1729.0
2023-05-25;1732.0
2023-05-26;1734.0
2023-05-27;1736.0
2023-05-28;1737.0
2023-05-29;1738.0
2023-05-30;1740.0
2023-05-31;1742.0
2023-06-01;1744.0
2023-06-02;1746.0
2023-06-03;1748.0
2023-06-04;1750.0
2023-06-05;1753.0
2023-06-06;1756.0
2023-06-07;1756.0
2023-06-08;1758.0
2023-06-09;1760.0
2023-06-10;1760.0
2023-06-11;1761.0
2023-06-12;1762.0
2023-06-13;1762.0
2023-06-14;1762.0
2023-06-15;1762.0
2023-06-16;1762.0
2023-06-17;1760.0
2023-06-18;1760.0
2023-06-19;1760.0
2023-06-20;1758.0
2023-06-21;1756.0
2023-06-22;1754.0
2023-06-23;1752.0
2023-06-24;1750.0
2023-06-25;1748.0
2023-06-26;1746.0
2023-06-27;1743.0
2023-06-28;1739.0
2023-06-29;1736.0
2023-06-30;1734.0
2023-07-01;1732.0
2023-07-02;1732.0
2023-07-03;1729.0
2023-07-04;1725.0
2023-07-05;1722.0
2023-07-06;1720.0
2023-07-07;1717.0
2023-07-08;1712.0
2023-07-09;1709.0
2023-07-10;1705.0
2023-07-11;1700.0
2023-07-12;1695.0
2023-07-13;1691.0
2023-07-14;1688.0
2023-07-15;1686.0
2023-07-16;1684.0
2023-07-17;1681.0
2023-07-18;1677.0
2023-07-19;1673.0
2023-07-20;1670.0
2023-07-21;1665.0
2023-07-22;1661.0
2023-07-23;1657.0
2023-07-24;1651.0
2023-07-25;1647.0
2023-07-26;1641.0
2023-07-27;1635.0
2023-07-28;1628.0
2023-07-29;1623.0
2023-07-30;1614.0
2023-07-31;1608.0
2023-08-01;1602.0
2023-08-02;1597.0
2023-08-03;1593.0
2023-08-04;1584.0
2023-08-05;1577.0
2023-08-06;1573.0
2023-08-07;1565.0
2023-08-08;1559.0
2023-08-09;1553.0
2023-08-10;1545.0
2023-08-11;1538.0
2023-08-12;1530.0
2023-08-13;1523.0
2023-08-14;1514.0
2023-08-15;1505.0
2023-08-16;1497.0
2023-08-17;1489.0
2023-08-18;1479.0
2023-08-19;1470.0
2023-08-20;1462.0
2023-08-21;1450.0
2023-08-22;1438.0
2023-08-23;1426.0
2023-08-24;1415.0
2023-08-25;1401.0
2023-08-26;1390.0
2023-08-27;1378.0
2023-08-28;1370.0
2023-08-29;1348.0
2023-08-30;1334.0
2023-08-31;1320.0
2023-09-01;1305.0
2023-09-02;1289.0
2023-09-03;1269.0
2023-09-04;1250.0
2023-09-05;1230.0
2023-09-06;1210.0
2023-09-07;1186.0
2023-09-08;1166.0
2023-09-09;1144.0
2023-09-10;1127.0
2023-09-11;1102.0
2023-09-12;1075.0
2023-09-13;1039.0
2023-09-14;1004.0
2023-09-15;974.0
2023-09-16;943.0
2023-09-17;909.0
2023-09-18;875.0
2023-09-19;845.0
2023-09-20;813.0
2023-09-21;779.0
2023-09-22;743.0
2023-09-23;713.0
2023-09-24;678.0
2023-09-25;647.0
2023-09-26;615.0
2023-09-27;585.0
2023-09-28;564.0
2023-09-29;541.0
2023-09-30;520.0
2023-10-01;505.0
2023-10-02;489.0
2023-10-03;477.0
2023-10-04;466.0
2023-10-05;456.0
2023-10-06;444.0
2023-10-07;436.0
2023-10-08;424.0
2023-10-09;414.0
2023-10-10;402.0
2023-10-11;391.0
2023-10-12;382.0
2023-10-13;372.0
2023-10-14;364.0
2023-10-15;353.0
2023-10-16;344.0
2023-10-17;334.0
2023-10-18;326.0
2023-10-19;318.0
2023-10-20;311.0
2023-10-21;300.0
2023-10-22;292.0
2023-10-23;282.0
2023-10-24;277.0
2023-10-25;273.0
2023-10-26;272.0
2023-10-27;270.0
2023-10-28;274.0
2023-10-29;278.0
2023-10-30;281.0
2023-10-31;288.0
2023-11-01;295.0
2023-11-02;301.0
2023-11-03;306.0
2023-11-04;311.0
2023-11-05;314.0
2023-11-06;316.0
2023-11-07;325.0
2023-11-08;330.0
2023-11-09;327.0
2023-11-10;323.0
2023-11-11;317.0
2023-11-12;312.0
2023-11-13;305.0
2023-11-14;295.0
2023-11-15;282.0
2023-11-16;277.0
2023-11-17;273.0
2023-11-18;272.0
2023-11-19;274.0
2023-11-20;279.0
2023-11-21;285.0
2023-11-22;307.0
2023-11-23;321.0
2023-11-24;336.0
2023-11-25;348.0
2023-11-26;363.0
2023-11-27;377.0
2023-11-28;390.0
2023-11-29;397.0
2023-11-30;403.0
2023-12-01;413.0
2023-12-02;419.0
2023-12-03;426.0
2023-12-04;432.0
2023-12-05;439.0
2023-12-06;443.0
2023-12-07;449.0
2023-12-08;457.0
2023-12-09;464.0
2023-12-10;474.0
2023-12-11;482.0
2023-12-12;494.0
2023-12-13;491.0
2023-12-14;521.0
2023-12-15;538.0
2023-12-16;550.0
2023-12-17;572.0
2023-12-18;590.0
2023-12-19;602.0
2023-12-20;618.0
2023-12-21;640.0
2023-12-22;655.0
2023-12-23;670.0
2023-12-24;691.0
2023-12-25;704.0
2023-12-26;720.0
2023-12-27;741.0
2023-12-28;749.0
2023-12-29;760.0
2023-12-30;776.0
2023-12-31;789.0
2024-01-01;803.0
2024-01-02;817.0
2024-01-03;829.0
2024-01-04;841.0
2024-01-05;851.0
2024-01-06;860.0
2024-01-07;872.0
2024-01-08;881.0
2024-01-09;890.0
2024-01-10;896.0
2024-01-11;906.0
2024-01-12;918.0
2024-01-13;928.0
2024-01-14;944.0
2024-01-15;956.0
2024-01-16;964.0
2024-01-17;974.0
2024-01-18;984.0
2024-01-19;987.0
2024-01-20;991.0
2024-01-21;994.0
2024-01-22;999.0
2024-01-23;1002.0
2024-01-24;1005.0
2024-01-25;1008.0
2024-01-26;1010.0
2024-01-27;1014.0
2024-01-28;1018.0
2024-01-29;1020.0
2024-01-30;1023.0
2024-01-31;1026.0
2024-02-01;1038.0
2024-02-02;1045.0
2024-02-03;1050.0
2024-02-04;1055.0
2024-02-05;1058.0
2024-02-06;1063.0
2024-02-07;1065.0
2024-02-08;1068.0
2024-02-09;1070.0
2024-02-10;1071.0
2024-02-11;1077.0
2024-02-12;1078.0
2024-02-13;1082.0
2024-02-14;1086.0
2024-02-15;1088.0
2024-02-16;1091.0
2024-02-17;1094.0
2024-02-18;1097.0
2024-02-19;1102.0
2024-02-20;1103.0
2024-02-21;1104.0
2024-02-22;1105.0
2024-02-23;1107.0
2024-02-24;1109.0
2024-02-25;1114.0
2024-02-26;1116.0
2024-02-27;1131.0
2024-02-28;1136.0
2024-02-29;1140.0
2024-03-01;1135.0
2024-03-02;1147.0
2024-03-03;1153.0
2024-03-04;1159.0
2024-03-05;1163.0
2024-03-06;1167.0
2024-03-07;1171.0
2024-03-08;1173.0
2024-03-09;1176.0
2024-03-10;1181.0
2024-03-11;1184.0
2024-03-12;1187.0
2024-03-13;1191.0
2024-03-14;1195.0
2024-03-15;1197.0
2024-03-16;1203.0
2024-03-17;1157.0
2024-03-18;12010.0
2024-03-19;1214.0
2024-03-20;1219.0
2024-03-21;1225.0
2024-03-22;1231.0
2024-03-23;1235.0
2024-03-24;1238.0
2024-03-25;1248.0
2024-03-26;1253.0
2024-03-27;1256.0
2024-03-28;1265.0
2024-03-29;1269.0
2024-03-30;1275.0
2024-03-31;1281.0
2024-04-01;1285.0
2024-04-02;1289.0
2024-04-03;1294.0
2024-04-07;1315.0
2024-04-08;1322.0
2024-04-09;1327.0
2024-04-10;1333.0
2024-04-11;1340.0
2024-04-12;1347.0
2024-04-13;1352.0
2024-04-14;1357.0
2024-04-15;1361.0
2024-04-16;1366.0
2024-04-17;1374.0
2024-04-18;1384.0
2024-04-19;1389.0
2024-04-20;1393.0
2024-04-21;1400.0
2024-04-22;1408.0
2024-04-23;1414.0
2024-04-24;1423.0
2024-04-25;1430.0
2024-04-26;1438.0
2024-06-01;1580.0
2024-06-02;1585.0
2024-06-03;1589.0
2024-06-04;1593.0
2024-06-05;1596.0
2024-06-06;1599.0
2024-06-07;1603.0
2024-06-08;1606.0
2024-06-09;1608.0
2024-06-10;1613.0
2024-06-11;1616.0
2024-06-12;1621.0
2024-06-13;1624.0
2024-06-14;1625.0
2024-06-15;1627.0
2024-06-16;1628.0
2024-06-17;1629.0
2024-06-18;1630.0
2024-06-19;1632.0
2024-06-20;1634.0
2024-06-21;1632.0
2024-06-22;1632.0
2024-06-23;1634.0
2024-06-24;1634.0
2024-06-25;1634.0
2024-06-26;1634.0
2024-06-27;1634.0
2024-06-28;1634.0
2024-06-29;1634.0
2024-06-30;1633.0
2024-07-01;1632.0
2024-07-02;1630.0
2024-07-03;1627.0
2024-07-04;1626.0
2024-07-05;1625.0
2024-07-06;1621.0
2024-07-07;1620.0
2024-07-08;1617.0
2024-07-09;1612.0
2024-07-10;1609.0
2024-07-11;1605.0
2024-07-12;1599.0
2024-07-13;1597.0
2024-07-14;1592.0
2024-07-15;1585.0
2024-07-16;1581.0
2024-07-17;1576.0
2024-07-18;1569.0
2024-07-19;1562.0
2024-07-20;1555.0
2024-07-21;1547.0
2024-07-22;1544.0
2024-07-23;1537.0
2024-07-24;1529.0
2024-07-25;1523.0
2024-07-26;1515.0
2024-07-27;1511.0
2024-07-28;1501.0
2024-07-29;1492.0
2024-07-30;1485.0
2024-07-31;1477.0
2024-08-01;1468.0
2024-08-02;1462.0
2024-08-03;1452.0
2024-08-04;1442.0
2024-08-05;1433.0
2024-08-06;1424.0
2024-08-07;1414.0
2024-08-08;1401.0
2024-08-09;1393.0
2024-08-10;1378.0
2024-08-11;1368.0
2024-08-12;1357.0
2024-08-13;1343.0
2024-08-14;1331.0
2024-08-15;1319.0
2024-08-16;1302.0
2024-08-17;1286.0
2024-08-18;1269.0
2024-08-19;1253.0
2024-08-20;1232.0
2024-08-21;1215.0
2024-08-22;1195.0
2024-08-23;1179.0
2024-08-24;1155.0
2024-08-25;1135.0
2024-08-26;1112.0
2024-08-27;1094.0
2024-08-28;1075.0
2024-08-29;1044.0
2024-08-30;1018.0
2024-08-31;983.0
2024-09-22;532.0
2024-10-01;398.0
2024-10-02;392.0
2024-10-03;385.0
2024-10-04;373.0
2024-10-05;362.0
2024-10-06;356.0
2024-10-07;352.0
2024-10-08;351.0
2024-10-09;353.0
2024-10-10;356.0
2024-10-11;361.0
2024-10-12;368.0
2024-10-13;375.0
2024-10-14;383.0
2024-10-15;387.0
2024-10-16;390.0
2024-10-17;390.0
2024-10-18;388.0
2024-10-19;386.0
2024-10-20;381.0
2024-10-21;375.0
2024-10-22;371.0
2024-10-23;363.0
2024-10-24;353.0
2024-10-25;344.0
2024-10-26;334.0
2024-10-27;324.0
2024-10-28;316.0
2024-10-29;311.0
2024-10-30;306.0
2024-10-31;302.0
2024-11-01;295.0
2024-11-02;292.0
2024-11-03;290.0
2024-11-04;289.0
2024-11-05;289.0
2024-11-06;294.0
2024-11-07;299.0
2024-11-08;299.0
2024-11-09;299.0
2024-11-10;299.0
2024-11-11;300.0
2024-11-12;301.0
2024-11-13;303.0
2024-11-14;315.0
2024-11-15;326.0
2024-11-16;337.0
2024-11-17;349.0
2024-11-18;360.0
2024-11-19;370.0
2024-11-20;375.0
2024-11-21;379.0
2024-11-22;384.0
2024-11-23;386.0
2024-11-24;388.0
2024-11-25;390.0
2024-11-26;398.0
2024-11-27;400.0
2024-11-28;403.0
2024-11-29;404.0
2024-11-30;407.0
2024-12-01;412.0
2024-12-02;416.0
2024-12-03;420.0
2024-12-04;426.0
2024-12-05;430.0
2024-12-06;440.0
2024-12-07;449.0
2024-12-08;456.0
2024-12-09;464.0
2024-12-10;474.0
2024-12-11;482.0
2024-12-12;489.0
2024-12-13;501.0
2024-12-14;513.0
2024-12-15;519.0
2024-12-16;528.0
2024-12-17;542.0
2024-12-18;555.0
2024-12-19;568.0
2024-12-20;584.0
2024-12-21;597.0
2024-12-22;610.0
2024-12-23;624.0
2024-12-24;637.0
2024-12-25;652.0
2024-12-26;668.0
2024-12-27;684.0
2024-12-28;700.0
2024-12-29;716.0
2024-12-30;735.0
2024-12-31;752.0
2025-01-01;768.0
2025-01-02;784.0
2025-01-03;804.0
2025-01-04;826.0
2025-01-05;848.0
2025-01-06;870.0
2025-01-07;890.0
2025-01-08;909.0
2025-01-09;926.0
2025-01-10;942.0
2025-01-11;957.0
2025-01-12;972.0
2025-01-13;982.0
2025-01-14;993.0
2025-01-15;1005.0
2025-01-16;1018.0
2025-01-17;1029.0
2025-01-18;1043.0
2025-01-19;1056.0
2025-01-20;1066.0
2025-01-21;1076.0
2025-01-22;1086.0
2025-01-23;1094.0
2025-01-24;1102.0
2025-01-25;1113.0
2025-01-26;1119.0
2025-01-27;1126.0
2025-01-28;1132.0
2025-01-29;1137.0
2025-01-30;1139.0
2025-01-31;1142.0
2025-02-01;1143.0
2025-02-02;1144.0
2025-02-03;1146.0
2025-02-04;1143.0
2025-02-05;1142.0
2025-02-06;1142.0
2025-02-07;1140.0
2025-02-08;1140.0
2025-02-09;1144.0
2025-02-10;1149.0
2025-02-11;1152.0
2025-02-12;1156.0
2025-02-13;1162.0
2025-02-14;1168.0
2025-02-15;1180.0
2025-02-16;1188.0
2025-02-17;1200.0
2025-02-18;1205.0
2025-02-19;1213.0
2025-02-20;1223.0
2025-02-21;1235.0
2025-02-22;1247.0
2025-02-23;1259.0
2025-02-24;1270.0
2025-02-25;1281.0
2025-02-26;1293.0
2025-02-27;1307.0
2025-02-28;1317.0
